{
  "state": {
    "ga-gefa": {
      "name": "Georgia Environmental Finance Authority",
      "geography_id": 10
    }
  },
  "utility": {
    "ga-albany-water-gas-and-light-comm": {
      "name": "Albany Water Gas & Light Comm"
    },
    "ga-altamaha-electric-member-corp": {
      "name": "Altamaha Electric Member Corp"
    },
    "ga-amicalola-electric-member-corp": {
      "name": "Amicalola Electric Member Corp"
    },
    "ga-blue-ridge-mountain-emc": {
      "name": "Blue Ridge Mountain EMC"
    },
    "ga-canoochee-electric-member-corp": {
      "name": "Canoochee Electric Member Corp"
    },
    "ga-carroll-electric-member-corp": {
      "name": "Carroll Electric Member Corp"
    },
    "ga-central-georgia-electric-member-corp": {
      "name": "Central Georgia Electric Member Corp"
    },
    "ga-city-of-acworth": {
      "name": "City of Acworth"
    },
    "ga-city-of-adel": {
      "name": "City of Adel"
    },
    "ga-city-of-buford": {
      "name": "City of Buford"
    },
    "ga-city-of-cairo": {
      "name": "City of Cairo"
    },
    "ga-city-of-calhoun": {
      "name": "City of Calhoun"
    },
    "ga-city-of-camilla": {
      "name": "City of Camilla"
    },
    "ga-city-of-cartersville": {
      "name": "City of Cartersville"
    },
    "ga-city-of-chattanooga": {
      "name": "City of Chattanooga"
    },
    "ga-city-of-chickamauga": {
      "name": "City of Chickamauga"
    },
    "ga-city-of-college-park": {
      "name": "City of College Park"
    },
    "ga-city-of-covington": {
      "name": "City of Covington"
    },
    "ga-city-of-douglas": {
      "name": "City of Douglas"
    },
    "ga-city-of-east-point": {
      "name": "City of East Point"
    },
    "ga-city-of-elberton": {
      "name": "City of Elberton"
    },
    "ga-city-of-griffin": {
      "name": "City of Griffin"
    },
    "ga-city-of-la-grange": {
      "name": "City of La Grange"
    },
    "ga-city-of-lawrenceville": {
      "name": "City of Lawrenceville"
    },
    "ga-city-of-marietta": {
      "name": "City of Marietta"
    },
    "ga-city-of-monroe": {
      "name": "City of Monroe"
    },
    "ga-city-of-moultrie": {
      "name": "City of Moultrie"
    },
    "ga-city-of-norcross": {
      "name": "City of Norcross"
    },
    "ga-city-of-sylvania": {
      "name": "City of Sylvania"
    },
    "ga-city-of-thomaston": {
      "name": "City of Thomaston"
    },
    "ga-city-of-thomasville": {
      "name": "City of Thomasville"
    },
    "ga-city-of-washington": {
      "name": "City of Washington"
    },
    "ga-coastal-electric-member-corp": {
      "name": "Coastal Electric Member Corp"
    },
    "ga-cobb-electric-membership-corp": {
      "name": "Cobb Electric Membership Corp"
    },
    "ga-colquitt-electric-membership-corp": {
      "name": "Colquitt Electric Membership Corp"
    },
    "ga-coweta-fayette-electric-member-corp": {
      "name": "Coweta-Fayette Electric Member Corp"
    },
    "ga-crisp-county-power-comm": {
      "name": "Crisp County Power Comm"
    },
    "ga-dalton-utilities": {
      "name": "Dalton Utilities"
    },
    "ga-diverse-power-incorporated": {
      "name": "Diverse Power Incorporated"
    },
    "ga-excelsior-electric-member-corp": {
      "name": "Excelsior Electric Member Corp"
    },
    "ga-fitzgerald-wtr-lgt-and-bond-comm": {
      "name": "Fitzgerald Wtr Lgt & Bond Comm"
    },
    "ga-flint-electric-membership-corp": {
      "name": "Flint Electric Membership Corp"
    },
    "ga-fort-valley-utility-comm": {
      "name": "Fort Valley Utility Comm"
    },
    "ga-georgia-power": {
      "name": "Georgia Power"
    },
    "ga-grady-electric-membership-corp": {
      "name": "Grady Electric Membership Corp"
    },
    "ga-grey-stone-power-corporation": {
      "name": "GreyStone Power Corporation"
    },
    "ga-habersham-electric-membership-corp": {
      "name": "Habersham Electric Membership Corp"
    },
    "ga-hart-electric-member-corp": {
      "name": "Hart Electric Member Corp"
    },
    "ga-haywood-electric-member-corp": {
      "name": "Haywood Electric Member Corp"
    },
    "ga-irwin-electric-membership-corp": {
      "name": "Irwin Electric Membership Corp"
    },
    "ga-jackson-electric-member-corp": {
      "name": "Jackson Electric Member Corp"
    },
    "ga-jefferson-energy-cooperative": {
      "name": "Jefferson Energy Cooperative"
    },
    "ga-little-ocmulgee-electric-member-corp": {
      "name": "Little Ocmulgee Electric Member Corp"
    },
    "ga-middle-georgia-electric-member-corp": {
      "name": "Middle Georgia Electric Member Corp"
    },
    "ga-mitchell-electric-member-corp": {
      "name": "Mitchell Electric Member Corp"
    },
    "ga-newnan-wtr-sewer-and-light-comm": {
      "name": "Newnan Wtr,  Sewer & Light Comm"
    },
    "ga-north-georgia-electric-member-corp": {
      "name": "North Georgia Electric Member Corp"
    },
    "ga-ocmulgee-electric-member-corp": {
      "name": "Ocmulgee Electric Member Corp"
    },
    "ga-oconee-electric-member-corp": {
      "name": "Oconee Electric Member Corp"
    },
    "ga-okefenoke-remc": {
      "name": "Okefenoke REMC"
    },
    "ga-planters-electric-member-corp": {
      "name": "Planters Electric Member Corp"
    },
    "ga-rayle-electric-membership-corp": {
      "name": "Rayle Electric Membership Corp"
    },
    "ga-satilla-rural-electric-member-corporation": {
      "name": "Satilla Rural Electric Member Corporation"
    },
    "ga-sawnee-electric-membership-corporation": {
      "name": "Sawnee Electric Membership Corporation"
    },
    "ga-slash-pine-electric-member-corp": {
      "name": "Slash Pine Electric Member Corp"
    },
    "ga-snapping-shoals-electric-member-corp": {
      "name": "Snapping Shoals Electric Member Corp"
    },
    "ga-south-carolina-electric-and-gas": {
      "name": "South Carolina Electric & Gas"
    },
    "ga-southern-rivers-energy": {
      "name": "Southern Rivers Energy"
    },
    "ga-sumter-electric-member-corp": {
      "name": "Sumter Electric Member Corp"
    },
    "ga-three-notch-electric-member-corp": {
      "name": "Three Notch Electric Member Corp"
    },
    "ga-tri-county-electric-member-corp": {
      "name": "Tri-County Electric Member Corp"
    },
    "ga-tri-state-electric-member-corp": {
      "name": "Tri-State Electric Member Corp"
    },
    "ga-upson-electric-member-corp": {
      "name": "Upson Electric Member Corp"
    },
    "ga-walton-electric-member-corp": {
      "name": "Walton Electric Member Corp"
    },
    "ga-washington-electric-member-corp": {
      "name": "Washington Electric Member Corp"
    }
  }
}
