{
  "city": {
    "mn-city-of-coon-rapids": {
      "name": "City of Coon Rapids",
      "city": "Coon Rapids",
      "county_fips": "27005"
    },
    "mn-city-of-edina": {
      "name": "City of Edina",
      "city": "Edina",
      "county_fips": "27053"
    },
    "mn-city-of-hopkins": {
      "name": "City of Hopkins",
      "city": "Hopkins",
      "county_fips": "27053"
    },
    "mn-city-of-minneapolis": {
      "name": "City of Minneapolis",
      "city": "Minneapolis",
      "county_fips": "27053"
    },
    "mn-city-of-northfield": {
      "name": "City of Northfield",
      "city": "Northfield",
      "county_fips": "27131"
    },
    "mn-city-of-st-louis-park": {
      "name": "City of St. Louis Park",
      "city": "St. Louis Park",
      "county_fips": "27053"
    }
  },
  "gas_utility": {
    "mn-alliant-energy": {
      "name": "Alliant Energy"
    },
    "mn-austin-utility": {
      "name": "Austin Utility"
    },
    "mn-bagley-public-utilities-gas": {
      "name": "Bagley Public Utilities"
    },
    "mn-centennial-utilities": {
      "name": "Centennial Utilities"
    },
    "mn-centerpoint-energy": {
      "name": "Centerpoint Energy"
    },
    "mn-city-of-argyle": {
      "name": "City of Argyle"
    },
    "mn-city-of-clearbrook-municipal-gas": {
      "name": "City of Clearbrook Municipal Gas"
    },
    "mn-city-of-cohasset": {
      "name": "City of Cohasset"
    },
    "mn-city-of-duluth": {
      "name": "City of Duluth"
    },
    "mn-city-of-fairfax-gas": {
      "name": "City of Fairfax"
    },
    "mn-city-of-fosston-municipal-gas": {
      "name": "City of Fosston Municipal Gas"
    },
    "mn-city-of-goodhue": {
      "name": "City of Goodhue"
    },
    "mn-city-of-hallock": {
      "name": "City of Hallock"
    },
    "mn-city-of-hawley": {
      "name": "City of Hawley"
    },
    "mn-city-of-henning": {
      "name": "City of Henning"
    },
    "mn-city-of-perham": {
      "name": "City of Perham"
    },
    "mn-city-of-randall": {
      "name": "City of Randall"
    },
    "mn-city-of-round-lake": {
      "name": "City of Round Lake"
    },
    "mn-city-of-stephen": {
      "name": "City of Stephen"
    },
    "mn-city-of-two-harbors": {
      "name": "City of Two Harbors"
    },
    "mn-city-of-tyler": {
      "name": "City of Tyler"
    },
    "mn-city-of-warren": {
      "name": "City of Warren"
    },
    "mn-city-of-westbrook": {
      "name": "City of Westbrook"
    },
    "mn-community-utility-co": {
      "name": "Community Utility Co. (Racine)"
    },
    "mn-eagle-bend-clarissa-gas-utility": {
      "name": "Eagle Bend - Clarissa Gas Utility"
    },
    "mn-great-plains-natural-gas": {
      "name": "Great Plains Natural Gas"
    },
    "mn-greater-minnesota-gas-inc": {
      "name": "Greater Minnesota Gas Inc."
    },
    "mn-hibbing-public-utility-comm": {
      "name": "Hibbing Public Utilities"
    },
    "mn-hutchinson-util-comm": {
      "name": "Hutchinson Utilities Commission"
    },
    "mn-lake-park-public-utilities-gas": {
      "name": "Lake Park Public Utilities"
    },
    "mn-minnesota-energy-resources": {
      "name": "Minnesota Energy Resources"
    },
    "mn-new-ulm-public-util-comm": {
      "name": "New Ulm Public Utilities"
    },
    "mn-new-york-mills-mun-gas-system": {
      "name": "New York Mills Municipal Gas System"
    },
    "mn-northwest-gas": {
      "name": "Northwest Gas"
    },
    "mn-owatonna-public-utility": {
      "name": "Owatonna Public Utility"
    },
    "mn-virginia-public-utilities": {
      "name": "Virginia Public Utilities"
    },
    "mn-warroad-municipal-gas-utility": {
      "name": "Warroad Municipal Gas Utility"
    },
    "mn-xcel-energy-gas": {
      "name": "Xcel Energy (Gas)"
    }
  },
  "other": {
    "mn-missouri-river-energy-services": {
      "name": "Missouri River Energy Services"
    }
  },
  "utility": {
    "mn-adrian-public-utilities": {
      "name": "Adrian Public Utilities"
    },
    "mn-agralite-electric-cooperative": {
      "name": "Agralite Electric Cooperative"
    },
    "mn-alexandria-light-and-power": {
      "name": "Alexandria Light & Power"
    },
    "mn-allete": {
      "name": "Minnesota Power"
    },
    "mn-alvarado-municipal-electric-department": {
      "name": "Alvarado Municipal Electric Department"
    },
    "mn-anoka-municipal-utility": {
      "name": "Anoka Municipal Utility"
    },
    "mn-arrowhead-electric-coop-inc": {
      "name": "Arrowhead Electric Coop, Inc"
    },
    "mn-arrowhead-electric-cooperative": {
      "name": "Arrowhead Electric Cooperative"
    },
    "mn-austin-utilities": {
      "name": "Austin Utilities"
    },
    "mn-bagley-public-utilities": {
      "name": "Bagley Public Utilities"
    },
    "mn-bagley-public-utilities-commission": {
      "name": "Bagley Public Utilities Commission"
    },
    "mn-barnesville-municipal-power": {
      "name": "Barnesville Municipal Power"
    },
    "mn-beltrami-electric-coop-inc": {
      "name": "Beltrami Electric Coop, Inc."
    },
    "mn-beltrami-electric-cooperative": {
      "name": "Beltrami Electric Cooperative"
    },
    "mn-benco-blue-earth-nicollet-faribault-coop": {
      "name": "BENCO (Blue Earth Nicollet Faribault Coop)"
    },
    "mn-benco-electric-cooperative": {
      "name": "BENCO Electric Cooperative"
    },
    "mn-benson-municipal-utilities": {
      "name": "Benson Municipal Utilities"
    },
    "mn-blooming-prairie-public-utilities": {
      "name": "Blooming Prairie Public Utilities"
    },
    "mn-blue-earth-light-and-water": {
      "name": "Blue Earth Light & Water"
    },
    "mn-brainerd-public-utilities": {
      "name": "Brainerd Public Utilities"
    },
    "mn-breckenridge-public-utilities": {
      "name": "Breckenridge Public Utilities"
    },
    "mn-brown-co-rural-electrical-assn": {
      "name": "Brown Co Rural Electrical Assn"
    },
    "mn-brown-county-rural-electric-association": {
      "name": "Brown County Rural Electric Association"
    },
    "mn-brownton-municipal-light-and-power": {
      "name": "Brownton Municipal Light & Power"
    },
    "mn-buffalo-municipal-utilities": {
      "name": "Buffalo Municipal Utilities"
    },
    "mn-buhl-mn-city-of": {
      "name": "Buhl MN (City of)"
    },
    "mn-city-of-alexandria": {
      "name": "City of Alexandria"
    },
    "mn-city-of-anoka": {
      "name": "City of Anoka"
    },
    "mn-city-of-arlington": {
      "name": "City of Arlington"
    },
    "mn-city-of-austin": {
      "name": "City of Austin"
    },
    "mn-city-of-barnesville": {
      "name": "City of Barnesville"
    },
    "mn-city-of-baudette-municipal-utilities": {
      "name": "City of Baudette Municipal Utilities"
    },
    "mn-city-of-benson": {
      "name": "City of Benson"
    },
    "mn-city-of-breckenridge": {
      "name": "City of Breckenridge"
    },
    "mn-city-of-brewster": {
      "name": "City of Brewster"
    },
    "mn-city-of-buffalo": {
      "name": "City of Buffalo"
    },
    "mn-city-of-chaska": {
      "name": "City of Chaska"
    },
    "mn-city-of-chaska-electric-department": {
      "name": "City of Chaska Electric Department"
    },
    "mn-city-of-detroit-lakes": {
      "name": "City of Detroit Lakes"
    },
    "mn-city-of-east-grand-forks": {
      "name": "City of East Grand Forks"
    },
    "mn-city-of-elk-river": {
      "name": "City of Elk River"
    },
    "mn-city-of-ely": {
      "name": "City of Ely"
    },
    "mn-city-of-fairfax": {
      "name": "City of Fairfax"
    },
    "mn-city-of-halstad": {
      "name": "City of Halstad"
    },
    "mn-city-of-henning-electric-dept": {
      "name": "City of Henning Electric Dept"
    },
    "mn-city-of-jackson": {
      "name": "City of Jackson"
    },
    "mn-city-of-lake-city": {
      "name": "City of Lake City"
    },
    "mn-city-of-lake-crystal": {
      "name": "City of Lake Crystal"
    },
    "mn-city-of-le-sueur": {
      "name": "City of Le Sueur"
    },
    "mn-city-of-luverne": {
      "name": "City of Luverne"
    },
    "mn-city-of-marshall": {
      "name": "City of Marshall"
    },
    "mn-city-of-moorhead": {
      "name": "City of Moorhead"
    },
    "mn-city-of-mora": {
      "name": "City of Mora"
    },
    "mn-city-of-new-folden": {
      "name": "City of NewFolden"
    },
    "mn-city-of-north-saint-paul-electric-utilities": {
      "name": "City of North Saint Paul Electric Utilities"
    },
    "mn-city-of-north-st-paul": {
      "name": "City of North St Paul"
    },
    "mn-city-of-olivia": {
      "name": "City of Olivia"
    },
    "mn-city-of-owatonna": {
      "name": "City of Owatonna"
    },
    "mn-city-of-saint-peter": {
      "name": "City of Saint Peter"
    },
    "mn-city-of-sauk-centre": {
      "name": "City of Sauk Centre"
    },
    "mn-city-of-st-james": {
      "name": "City of St James"
    },
    "mn-city-of-staples": {
      "name": "City of Staples"
    },
    "mn-city-of-thief-river-falls": {
      "name": "City of Thief River Falls"
    },
    "mn-city-of-virginia": {
      "name": "City of Virginia"
    },
    "mn-city-of-wadena": {
      "name": "City of Wadena"
    },
    "mn-city-of-warren-municipal-utilities": {
      "name": "City of Warren Municipal Utilities"
    },
    "mn-city-of-warroad": {
      "name": "City of Warroad"
    },
    "mn-city-of-waseca": {
      "name": "City of Waseca"
    },
    "mn-city-of-windom": {
      "name": "City of Windom"
    },
    "mn-city-of-winthrop": {
      "name": "City of Winthrop"
    },
    "mn-city-of-worthington": {
      "name": "City of Worthington"
    },
    "mn-clearwater-polk-electric-coop": {
      "name": "Clearwater Polk Electric Coop"
    },
    "mn-clearwater-polk-electric-cooperative": {
      "name": "Clearwater-Polk Electric Cooperative"
    },
    "mn-connexus-energy": {
      "name": "Connexus Energy"
    },
    "mn-cooperative-l-and-p-association-lake-county": {
      "name": "Cooperative L&P Association Lake County"
    },
    "mn-cooperative-light-and-power": {
      "name": "Cooperative Light & Power"
    },
    "mn-crow-wing-coop-power-and-light-inc": {
      "name": "Crow Wing Coop Power & Light, Inc."
    },
    "mn-crow-wing-power": {
      "name": "Crow Wing Power"
    },
    "mn-dakota-electric-association": {
      "name": "Dakota Electric Association"
    },
    "mn-delano-municipal-utilities": {
      "name": "Delano Municipal Utilities"
    },
    "mn-detroit-lakes-public-utility": {
      "name": "Detroit Lakes Public Utility"
    },
    "mn-east-central-energy": {
      "name": "East Central Energy"
    },
    "mn-east-grand-forks-water-and-light-dept": {
      "name": "East Grand Forks Water & Light Dept."
    },
    "mn-elbow-lake-municipal-power": {
      "name": "Elbow Lake Municipal Power"
    },
    "mn-elk-river-municipal-utilities": {
      "name": "Elk River Municipal Utilities"
    },
    "mn-ely-utilities-commission": {
      "name": "Ely Utilities Commission"
    },
    "mn-fairfax-municipal": {
      "name": "Fairfax Municipal"
    },
    "mn-fairmont-public-utilities": {
      "name": "Fairmont Public Utilities"
    },
    "mn-federated-rural-electric-assn": {
      "name": "Federated Rural Electric Assn"
    },
    "mn-federated-rural-electric-association": {
      "name": "Federated Rural Electric Association"
    },
    "mn-fosston-municipal-utilities": {
      "name": "Fosston Municipal Utilities"
    },
    "mn-freeborn-mower-coop-svcs": {
      "name": "Freeborn-Mower Coop Svcs"
    },
    "mn-freeborn-mower-cooperative-services": {
      "name": "Freeborn-Mower Cooperative Services"
    },
    "mn-gilbert-water-and-light": {
      "name": "Gilbert Water & Light"
    },
    "mn-glencoe-light-and-power-commission": {
      "name": "Glencoe Light & Power Commission"
    },
    "mn-goodhue-county-coop-electric-assn": {
      "name": "Goodhue County Coop Electric Assn"
    },
    "mn-goodhue-county-cooperative-electric-association": {
      "name": "Goodhue County Cooperative Electric Association"
    },
    "mn-grand-marais-public-utilities": {
      "name": "Grand Marais Public Utilities"
    },
    "mn-grand-rapids-public-utilities": {
      "name": "Grand Rapids Public Utilities"
    },
    "mn-grand-rapids-public-utilities-commission": {
      "name": "Grand Rapids Public Utilities Commission"
    },
    "mn-granite-falls-municipal-utilities": {
      "name": "Granite Falls Municipal Utilities"
    },
    "mn-h-d-electric-coop-inc": {
      "name": "H-D Electric Coop, Inc"
    },
    "mn-h-d-electric-cooperative": {
      "name": "H-D Electric Cooperative"
    },
    "mn-halstad-municipal-utilities": {
      "name": "Halstad Municipal Utilities"
    },
    "mn-hawley-public-utilities": {
      "name": "Hawley Public Utilities"
    },
    "mn-heartland-power-coop": {
      "name": "Heartland Power Coop"
    },
    "mn-heartland-power-cooperative": {
      "name": "Heartland Power Cooperative"
    },
    "mn-hibbing-public-utilities": {
      "name": "Hibbing Public Utilities"
    },
    "mn-hutchinson-utilities": {
      "name": "Hutchinson Utilities"
    },
    "mn-hutchinson-utilities-commission": {
      "name": "Hutchinson Utilities Commission"
    },
    "mn-interstate-power-and-light": {
      "name": "Interstate Power and Light"
    },
    "mn-iowa-lakes-electric-coop": {
      "name": "Iowa Lakes Electric Coop"
    },
    "mn-itasca-mantrap-coop-electric-assn": {
      "name": "Itasca-Mantrap Coop Electric Assn"
    },
    "mn-itasca-mantrap-cooperative-electrical-association": {
      "name": "Itasca-Mantrap Cooperative Electrical Association"
    },
    "mn-janesville-municipal-utility": {
      "name": "Janesville Municipal Utility"
    },
    "mn-kandiyohi-power-cooperative": {
      "name": "Kandiyohi Power Cooperative"
    },
    "mn-kasson-public-utilities": {
      "name": "Kasson Public Utilities"
    },
    "mn-kenyon-municipal-utilities": {
      "name": "Kenyon Municipal Utilities"
    },
    "mn-lake-city-utility-board": {
      "name": "Lake City Utility Board"
    },
    "mn-lake-country-power": {
      "name": "Lake Country Power"
    },
    "mn-lake-crystal-municipal-utilities": {
      "name": "Lake Crystal Municipal Utilities"
    },
    "mn-lake-park-public-utilities": {
      "name": "Lake Park Public Utilities"
    },
    "mn-lake-region-electric-coop": {
      "name": "Lake Region Electric Coop"
    },
    "mn-lake-region-electric-cooperative": {
      "name": "Lake Region Electric Cooperative"
    },
    "mn-lakefield-municipal-utilities": {
      "name": "Lakefield Municipal Utilities"
    },
    "mn-litchfield-public-utilities": {
      "name": "Litchfield Public Utilities"
    },
    "mn-lyon-lincoln-electric-coop-inc": {
      "name": "Lyon-Lincoln Electric Coop, Inc."
    },
    "mn-lyon-lincoln-electric-cooperative": {
      "name": "Lyon-Lincoln Electric Cooperative"
    },
    "mn-madelia-municipal-light-and-power": {
      "name": "Madelia Municipal Light & Power"
    },
    "mn-madison-municipal-utilities": {
      "name": "Madison Municipal Utilities"
    },
    "mn-marshall-municipal-utilities": {
      "name": "Marshall Municipal Utilities"
    },
    "mn-mc-leod-coop-power-assn": {
      "name": "McLeod Coop Power Assn"
    },
    "mn-mc-leod-cooperative-power-association": {
      "name": "McLeod Cooperative Power Association"
    },
    "mn-meeker-coop-light-and-power-assn": {
      "name": "Meeker Coop Light & Power Assn"
    },
    "mn-meeker-cooperative-light-and-power-association": {
      "name": "Meeker Cooperative Light & Power Association"
    },
    "mn-melrose-public-utilities": {
      "name": "Melrose Public Utilities"
    },
    "mn-mi-energy-coop": {
      "name": "MiEnergy Coop."
    },
    "mn-mille-lacs-electric-coop": {
      "name": "Mille Lacs Electric Coop"
    },
    "mn-mille-lacs-energy-cooperative": {
      "name": "Mille Lacs Energy Cooperative"
    },
    "mn-minnesota-valley-coop-light-and-power-assoc": {
      "name": "Minnesota Valley Coop Light & Power Assoc"
    },
    "mn-minnesota-valley-cooperative-l-and-p-association": {
      "name": "Minnesota Valley Cooperative L&P Association"
    },
    "mn-minnesota-valley-electric-coop": {
      "name": "Minnesota Valley Electric Coop"
    },
    "mn-minnesota-valley-electric-cooperative": {
      "name": "Minnesota Valley Electric Cooperative"
    },
    "mn-moorhead-public-service": {
      "name": "Moorhead Public Service"
    },
    "mn-moose-lake-power": {
      "name": "Moose Lake Power"
    },
    "mn-mora-municipal-utilities": {
      "name": "Mora Municipal Utilities"
    },
    "mn-mountain-iron-water-and-light-dept": {
      "name": "Mountain Iron Water & Light Dept"
    },
    "mn-mountain-lake-municipal-utilities": {
      "name": "Mountain Lake Municipal Utilities"
    },
    "mn-nashwauk-public-utilities": {
      "name": "Nashwauk Public Utilities"
    },
    "mn-new-prague-utilities": {
      "name": "New Prague Utilities"
    },
    "mn-new-prague-utilities-commission": {
      "name": "New Prague Utilities Commission"
    },
    "mn-new-ulm-public-utilities": {
      "name": "New Ulm Public Utilities"
    },
    "mn-nobles-cooperative-electric": {
      "name": "Nobles Cooperative Electric"
    },
    "mn-north-branch-municipal-water-and-light": {
      "name": "North Branch Municipal Water & Light"
    },
    "mn-north-itasca-electric-coop": {
      "name": "North Itasca Electric Coop"
    },
    "mn-north-itasca-electric-cooperative": {
      "name": "North Itasca Electric Cooperative"
    },
    "mn-north-star-electric-coop": {
      "name": "North Star Electric Coop"
    },
    "mn-north-star-electric-cooperative": {
      "name": "North Star Electric Cooperative"
    },
    "mn-northwestern-wisconsin-electric": {
      "name": "Northwestern Wisconsin Electric"
    },
    "mn-northwestern-wisconsin-electric-company": {
      "name": "Northwestern Wisconsin Electric Company"
    },
    "mn-ortonville-light-department": {
      "name": "Ortonville Light Department"
    },
    "mn-otter-tail-power": {
      "name": "Otter Tail Power"
    },
    "mn-owatonna-public-utilities": {
      "name": "Owatonna Public Utilities"
    },
    "mn-p-k-m-electric-cooperative": {
      "name": "P K M Electric Cooperative"
    },
    "mn-people-s-cooperative-services": {
      "name": "People's Cooperative Services"
    },
    "mn-peoples-cooperative-service": {
      "name": "Peoples Cooperative Service"
    },
    "mn-pkm-electric-coop-inc": {
      "name": "PKM Electric Coop, Inc"
    },
    "mn-preston-public-utilities": {
      "name": "Preston Public Utilities"
    },
    "mn-princeton-public-utilities": {
      "name": "Princeton Public Utilities"
    },
    "mn-red-lake-electric-coop": {
      "name": "Red Lake Electric Coop"
    },
    "mn-red-lake-electric-cooperative": {
      "name": "Red Lake Electric Cooperative"
    },
    "mn-red-river-valley-coop-power-assn": {
      "name": "Red River Valley Coop Power Assn"
    },
    "mn-red-river-valley-cooperative-power-association": {
      "name": "Red River Valley Cooperative Power Association"
    },
    "mn-redwood-electric-coop": {
      "name": "Redwood Electric Coop"
    },
    "mn-redwood-electric-cooperative": {
      "name": "Redwood Electric Cooperative"
    },
    "mn-redwood-falls-public-utilities": {
      "name": "Redwood Falls Public Utilities"
    },
    "mn-redwood-falls-public-utilities-commission": {
      "name": "Redwood Falls Public Utilities Commission"
    },
    "mn-renville-sibley-coop-power-assn": {
      "name": "Renville-Sibley Coop Power Assn"
    },
    "mn-renville-sibley-cooperative-power-association": {
      "name": "Renville-Sibley Cooperative Power Association"
    },
    "mn-rochester-public-utilities": {
      "name": "Rochester Public Utilities"
    },
    "mn-roseau-electric-coop": {
      "name": "Roseau Electric Coop"
    },
    "mn-roseau-electric-cooperative": {
      "name": "Roseau Electric Cooperative"
    },
    "mn-roseau-municipal-water-and-light": {
      "name": "Roseau Municipal Water & Light"
    },
    "mn-runestone-electric-assn": {
      "name": "Runestone Electric Assn"
    },
    "mn-runestone-electric-association": {
      "name": "Runestone Electric Association"
    },
    "mn-sauk-centre-public-utilities": {
      "name": "Sauk Centre Public Utilities"
    },
    "mn-shakopee-public-utilities": {
      "name": "Shakopee Public Utilities"
    },
    "mn-sioux-valley-energy": {
      "name": "Sioux Valley Energy"
    },
    "mn-sioux-valley-sw-electric-cooperative": {
      "name": "Sioux Valley SW Electric Cooperative"
    },
    "mn-sleepy-eye-public-utilities": {
      "name": "Sleepy Eye Public Utilities"
    },
    "mn-south-central-electric-assn": {
      "name": "South Central Electric Assn"
    },
    "mn-south-central-electric-association": {
      "name": "South Central Electric Association"
    },
    "mn-spring-valley-public-utilities-comm": {
      "name": "Spring Valley Public Utilities Comm"
    },
    "mn-springfield-public-utilities-comm": {
      "name": "Springfield Public Utilities Comm"
    },
    "mn-st-charles-light-and-water": {
      "name": "St. Charles Light & Water"
    },
    "mn-st-james-municipal-light-and-power": {
      "name": "St. James Municipal Light & Power"
    },
    "mn-st-peter-municipal-utilities": {
      "name": "St. Peter Municipal Utilities"
    },
    "mn-stearns-coop-electric-assn": {
      "name": "Stearns Coop Electric Assn"
    },
    "mn-stearns-cooperative-electric-association": {
      "name": "Stearns Cooperative Electric Association"
    },
    "mn-steele-waseca-coop-electric": {
      "name": "Steele-Waseca Coop Electric"
    },
    "mn-steele-waseca-cooperative-electric": {
      "name": "Steele-Waseca Cooperative Electric"
    },
    "mn-stephen-electric-dept": {
      "name": "Stephen Electric Dept"
    },
    "mn-thief-river-falls-municipal-utility": {
      "name": "Thief River Falls Municipal Utility"
    },
    "mn-todd-wadena-electric-coop": {
      "name": "Todd Wadena Electric Coop"
    },
    "mn-todd-wadena-electric-cooperative": {
      "name": "Todd-Wadena Electric Cooperative"
    },
    "mn-traverse-electric-coop-inc": {
      "name": "Traverse Electric Coop, Inc"
    },
    "mn-traverse-electric-cooperative": {
      "name": "Traverse Electric Cooperative"
    },
    "mn-tri-county-electric-cooperative": {
      "name": "Tri-County Electric Cooperative"
    },
    "mn-tyler-municipal-light-and-power": {
      "name": "Tyler Municipal Light and Power"
    },
    "mn-virginia-dept-of-public-utilities": {
      "name": "Virginia Dept. of Public Utilities"
    },
    "mn-wadena-light-and-water": {
      "name": "Wadena Light & Water"
    },
    "mn-warroad-municipal-light-and-power": {
      "name": "Warroad Municipal Light & Power"
    },
    "mn-waseca-utility": {
      "name": "Waseca Utility"
    },
    "mn-wells-public-utilities": {
      "name": "Wells Public Utilities"
    },
    "mn-westbrook-municipal-light-and-power": {
      "name": "Westbrook Municipal Light & Power"
    },
    "mn-whalan-electric-department": {
      "name": "Whalan Electric Department"
    },
    "mn-wild-rice-electric-coop": {
      "name": "Wild Rice Electric Coop"
    },
    "mn-wild-rice-electric-cooperative": {
      "name": "Wild Rice Electric Cooperative"
    },
    "mn-willmar-municipal-utilities": {
      "name": "Willmar Municipal Utilities"
    },
    "mn-windom-municipal-utilities": {
      "name": "Windom Municipal Utilities"
    },
    "mn-worthington-public-utilities": {
      "name": "Worthington Public Utilities"
    },
    "mn-wright-hennepin-coop-electric-assn": {
      "name": "Wright-Hennepin Coop Electric Assn"
    },
    "mn-wright-hennepin-cooperative-electric-association": {
      "name": "Wright-Hennepin Cooperative Electric Association"
    },
    "mn-xcel-energy": {
      "name": "Xcel Energy"
    }
  }
}
