{
  "county": {
    "ca-alameda-county": {
      "name": "Alameda County",
      "geography_id": 244
    },
    "ca-contra-costa-county": {
      "name": "Contra Costa County",
      "geography_id": 250
    },
    "ca-marin-county": {
      "name": "Marin County",
      "geography_id": 264
    },
    "ca-napa-county": {
      "name": "Napa County",
      "geography_id": 271
    },
    "ca-san-francisco-county": {
      "name": "San Francisco County",
      "geography_id": 281
    },
    "ca-san-mateo-county": {
      "name": "San Mateo County",
      "geography_id": 284
    },
    "ca-santa-clara-county": {
      "name": "Santa Clara County",
      "geography_id": 286
    },
    "ca-solano-county": {
      "name": "Solano County",
      "geography_id": 291
    },
    "ca-sonoma-county": {
      "name": "Sonoma County",
      "geography_id": 292
    }
  },
  "other": {
    "ca-bay-area-regional-energy-network-bay-ren": {
      "name": "Bay Area Regional Energy Network (BayREN)"
    },
    "ca-energy-smart-homes": {
      "name": "Energy Smart Homes"
    }
  },
  "state": {
    "ca-california-energy-commission": {
      "name": "California Energy Commission",
      "geography_id": 5
    },
    "ca-california-public-utilities-commission": {
      "name": "California Public Utilities Commission",
      "geography_id": 5
    },
    "ca-grid-alternatives": {
      "name": "GRID Alternatives",
      "geography_id": 5
    }
  },
  "utility": {
    "ca-alameda-municipal-power": {
      "name": "Alameda Municipal Power"
    },
    "ca-anaheim-public-utilities": {
      "name": "Anaheim Public Utilities"
    },
    "ca-anza-electric-cooperative": {
      "name": "Anza Electric Cooperative"
    },
    "ca-bear-valley-electric-service": {
      "name": "Bear Valley Electric Service"
    },
    "ca-burbank-water-and-power": {
      "name": "Burbank Water and Power"
    },
    "ca-central-coast-community-energy": {
      "name": "Central Coast Community Energy"
    },
    "ca-city-and-county-of-san-francisco": {
      "name": "City & County of San Francisco"
    },
    "ca-city-of-azusa": {
      "name": "City of Azusa"
    },
    "ca-city-of-banning": {
      "name": "City of Banning"
    },
    "ca-city-of-colton": {
      "name": "City of Colton"
    },
    "ca-city-of-corona": {
      "name": "City of Corona"
    },
    "ca-city-of-escondido": {
      "name": "City of Escondido"
    },
    "ca-city-of-healdsburg": {
      "name": "City of Healdsburg"
    },
    "ca-city-of-lompoc": {
      "name": "City of Lompoc"
    },
    "ca-city-of-moreno-valley": {
      "name": "City of Moreno Valley"
    },
    "ca-city-of-palo-alto-utilities": {
      "name": "City of Palo Alto Utilities"
    },
    "ca-city-of-redding": {
      "name": "City of Redding"
    },
    "ca-city-of-shasta-lake": {
      "name": "City of Shasta Lake"
    },
    "ca-city-of-ukiah": {
      "name": "City of Ukiah"
    },
    "ca-city-of-vernon": {
      "name": "City of Vernon"
    },
    "ca-glendale-water-and-power": {
      "name": "Glendale Water and Power"
    },
    "ca-imperial-irrigation-district": {
      "name": "Imperial Irrigation District"
    },
    "ca-lassen-municipal-utility-district": {
      "name": "Lassen Municipal Utility District"
    },
    "ca-liberty-utilities": {
      "name": "Liberty Utilities"
    },
    "ca-lodi-electric-utility": {
      "name": "Lodi Electric Utility"
    },
    "ca-los-angeles-department-of-water-and-power": {
      "name": "Los Angeles Department of Water and Power"
    },
    "ca-merced-irrigation-district": {
      "name": "Merced Irrigation District"
    },
    "ca-modesto-irrigation-district": {
      "name": "Modesto Irrigation District"
    },
    "ca-pacific-gas-and-electric": {
      "name": "Pacific Gas & Electric"
    },
    "ca-pacific-power": {
      "name": "Pacific Power"
    },
    "ca-pasadena-water-and-power": {
      "name": "Pasadena Water and Power"
    },
    "ca-peninsula-clean-energy": {
      "name": "Peninsula Clean Energy"
    },
    "ca-plumas-sierra-rural-electric-cooperative": {
      "name": "Plumas-Sierra Rural Electric Cooperative"
    },
    "ca-rancho-cucamonga-ca-city-of": {
      "name": "Rancho Cucamonga CA (City of)"
    },
    "ca-redwood-coast-energy-authority": {
      "name": "Redwood Coast Energy Authority"
    },
    "ca-riverside-public-utilities": {
      "name": "Riverside Public Utilities"
    },
    "ca-roseville-electric": {
      "name": "Roseville Electric"
    },
    "ca-sacramento-municipal-utility-district": {
      "name": "Sacramento Municipal Utility District"
    },
    "ca-san-diego-gas-and-electric": {
      "name": "San Diego Gas & Electric"
    },
    "ca-san-jose-clean-energy": {
      "name": "San Jose Clean Energy"
    },
    "ca-sierra-pacific-power": {
      "name": "Sierra Pacific Power"
    },
    "ca-silicon-valley-power": {
      "name": "Silicon Valley Power"
    },
    "ca-southern-cal-gas": {
      "name": "Southern Cal Gas"
    },
    "ca-southern-california-edison": {
      "name": "Southern California Edison"
    },
    "ca-surprise-valley-electric-corp": {
      "name": "Surprise Valley Electric Corp"
    },
    "ca-surprise-valley-electrification": {
      "name": "Surprise Valley Electrification"
    },
    "ca-trinity-public-utilities-district": {
      "name": "Trinity Public Utilities District"
    },
    "ca-truckee-donner-public-utility-district": {
      "name": "Truckee Donner Public Utility District"
    },
    "ca-turlock-irrigation-district": {
      "name": "Turlock Irrigation District"
    },
    "ca-valley-electric-association": {
      "name": "Valley Electric Association"
    }
  }
}
