{
  "city": {
    "oh-georgetown": {
      "name": "Georgetown Public Utilities",
      "city": "Georgetown"
    },
    "oh-jackson-center": {
      "name": "Jackson Center Munipal Electric System",
      "city": "Jackson Center"
    },
    "oh-lakeview-water-light": {
      "name": "Lakeview Water and Light Company",
      "city": "Lakeview"
    },
    "oh-village-of-edgerton": {
      "name": "Village of Edgerton Electric Department",
      "city": "Edgerton"
    }
  },
  "utility": {
    "oh-adams-rural-electric-cooperative": {
      "name": "Adams Rural Electric Cooperative"
    },
    "oh-aep-ohio": {
      "name": "AEP Ohio"
    },
    "oh-aes-ohio": {
      "name": "AES Ohio"
    },
    "oh-bowling-green-oh-city-of": {
      "name": "Bowling Green OH (City of)"
    },
    "oh-brewster-municipal-electric": {
      "name": "Brewster Municipal Electric"
    },
    "oh-buckeye-rural-electric-cooperative": {
      "name": "Buckeye Rural Electric Cooperative"
    },
    "oh-butler-rural-electric-cooperative": {
      "name": "Butler Rural Electric Cooperative"
    },
    "oh-carroll-electric-cooperative": {
      "name": "Carroll Electric Cooperative"
    },
    "oh-city-of-amherst": {
      "name": "City of Amherst"
    },
    "oh-city-of-bowling-green": {
      "name": "City of Bowling Green"
    },
    "oh-city-of-bryan": {
      "name": "City of Bryan"
    },
    "oh-city-of-celina": {
      "name": "City of Celina"
    },
    "oh-city-of-cleveland": {
      "name": "City of Cleveland"
    },
    "oh-city-of-columbiana": {
      "name": "City of Columbiana"
    },
    "oh-city-of-columbus-department-of-public-utilities": {
      "name": "City of Columbus Department of Public Utilities"
    },
    "oh-city-of-cuyahoga-falls": {
      "name": "City of Cuyahoga Falls"
    },
    "oh-city-of-dover": {
      "name": "City of Dover"
    },
    "oh-city-of-galion": {
      "name": "City of Galion"
    },
    "oh-city-of-hamilton": {
      "name": "City of Hamilton"
    },
    "oh-city-of-hudson": {
      "name": "City of Hudson"
    },
    "oh-city-of-jackson": {
      "name": "City of Jackson"
    },
    "oh-city-of-lebanon": {
      "name": "City of Lebanon"
    },
    "oh-city-of-napoleon": {
      "name": "City of Napoleon"
    },
    "oh-city-of-niles": {
      "name": "City of Niles"
    },
    "oh-city-of-oberlin": {
      "name": "City of Oberlin"
    },
    "oh-city-of-orrville": {
      "name": "City of Orrville"
    },
    "oh-city-of-painesville": {
      "name": "City of Painesville"
    },
    "oh-city-of-piqua": {
      "name": "City of Piqua"
    },
    "oh-city-of-shelby": {
      "name": "City of Shelby"
    },
    "oh-city-of-st-marys": {
      "name": "City of St Marys"
    },
    "oh-city-of-tipp-city": {
      "name": "City of Tipp City"
    },
    "oh-city-of-wadsworth": {
      "name": "City of Wadsworth"
    },
    "oh-city-of-wapakoneta": {
      "name": "City of Wapakoneta"
    },
    "oh-city-of-westerville": {
      "name": "City of Westerville"
    },
    "oh-clyde-light-and-power": {
      "name": "Clyde Light & Power"
    },
    "oh-columbus-oh-city-of": {
      "name": "Columbus OH (City of)"
    },
    "oh-consolidated-electric-cooperative": {
      "name": "Consolidated Electric Cooperative"
    },
    "oh-darke-rural-electric-cooperative": {
      "name": "Darke Rural Electric Cooperative"
    },
    "oh-duke-energy-ohio": {
      "name": "Duke Energy Ohio"
    },
    "oh-firelands-electric-cooperative": {
      "name": "Firelands Electric Cooperative"
    },
    "oh-frontier-power-company": {
      "name": "Frontier Power Company"
    },
    "oh-guernsey-muskingum-electric-cooperative": {
      "name": "Guernsey-Muskingum Electric Cooperative"
    },
    "oh-hamilton-dept-of-public-utilities": {
      "name": "Hamilton Dept of Public Utilities"
    },
    "oh-hancock-wood-electric-cooperative": {
      "name": "Hancock-Wood Electric Cooperative"
    },
    "oh-holmes-wayne-electric-cooperative": {
      "name": "Holmes-Wayne Electric Cooperative"
    },
    "oh-licking-rural-electric": {
      "name": "Licking Rural Electric"
    },
    "oh-logan-county-cooperative-power-and-light": {
      "name": "Logan County Cooperative Power & Light"
    },
    "oh-lorain-medina-rec": {
      "name": "Lorain-Medina REC"
    },
    "oh-mid-ohio-energy-cooperative": {
      "name": "Mid-Ohio Energy Cooperative"
    },
    "oh-midwest-electric": {
      "name": "Midwest Electric"
    },
    "oh-midwest-energy-cooperative": {
      "name": "Midwest Energy Cooperative"
    },
    "oh-north-central-electric-cooperative": {
      "name": "North Central Electric Cooperative"
    },
    "oh-north-western-electric-cooperative": {
      "name": "North Western Electric Cooperative"
    },
    "oh-ohio-edison": {
      "name": "Ohio Edison"
    },
    "oh-paulding-putman-electric-cooperative": {
      "name": "Paulding-Putman Electric Cooperative"
    },
    "oh-pennsylvania-power": {
      "name": "Pennsylvania Power"
    },
    "oh-pioneer-rural-electric-cooperative": {
      "name": "Pioneer Rural Electric Cooperative"
    },
    "oh-south-central-power": {
      "name": "South Central Power"
    },
    "oh-south-central-power-company": {
      "name": "South Central Power Company"
    },
    "oh-the-illuminating-company": {
      "name": "The Illuminating Company"
    },
    "oh-toledo-edison": {
      "name": "Toledo Edison"
    },
    "oh-toledo-edison-co-the": {
      "name": "Toledo Edison Co (The)"
    },
    "oh-tri-county-rural-electric-cooperative": {
      "name": "Tri County Rural Electric Cooperative"
    },
    "oh-union-rural-electric-cooperative": {
      "name": "Union Rural Electric Cooperative"
    },
    "oh-village-of-minster": {
      "name": "Village of Minster Utilities Department"
    },
    "oh-village-of-yellow-springs": {
      "name": "Village of Yellow Springs"
    },
    "oh-washington-electric-cooperative": {
      "name": "Washington Electric Cooperative"
    }
  }
}
