{
  "city": {
    "nc-city-of-high-point": {
      "name": "City of High Point",
      "city": "High Point",
      "county_fips": "37081"
    }
  },
  "state": {
    "nc-north-carolina-department-of-environmental-quality": {
      "name": "North Carolina Department of Environmental Quality",
      "geography_id": 33
    }
  },
  "utility": {
    "nc-albemarle-electric-member-corp": {
      "name": "Albemarle Electric Member Corp"
    },
    "nc-blue-ridge-electric-member-corp": {
      "name": "Blue Ridge Electric Member Corp"
    },
    "nc-blue-ridge-mountain-emc": {
      "name": "Blue Ridge Mountain EMC"
    },
    "nc-broad-river-electric-cooperative": {
      "name": "Broad River Electric Cooperative"
    },
    "nc-brunswick-electric-member-corp": {
      "name": "Brunswick Electric Member Corp"
    },
    "nc-cape-hatteras-electric-member-corp": {
      "name": "Cape Hatteras Electric Member Corp"
    },
    "nc-carteret-craven-electric-cooperative": {
      "name": "Carteret-Craven Electric Cooperative"
    },
    "nc-central-electric-membership-corp": {
      "name": "Central Electric Membership Corp."
    },
    "nc-city-of-albemarle": {
      "name": "City of Albemarle"
    },
    "nc-city-of-concord": {
      "name": "City of Concord"
    },
    "nc-city-of-elizabeth-city": {
      "name": "City of Elizabeth City"
    },
    "nc-city-of-gastonia": {
      "name": "City of Gastonia"
    },
    "nc-city-of-kings-mountain": {
      "name": "City of Kings Mountain"
    },
    "nc-city-of-kinston": {
      "name": "City of Kinston"
    },
    "nc-city-of-laurinburg": {
      "name": "City of Laurinburg"
    },
    "nc-city-of-lexington": {
      "name": "City of Lexington"
    },
    "nc-city-of-lumberton": {
      "name": "City of Lumberton"
    },
    "nc-city-of-monroe": {
      "name": "City of Monroe"
    },
    "nc-city-of-morganton": {
      "name": "City of Morganton"
    },
    "nc-city-of-new-bern": {
      "name": "City of New Bern"
    },
    "nc-city-of-newton": {
      "name": "City of Newton"
    },
    "nc-city-of-rocky-mount": {
      "name": "City of Rocky Mount"
    },
    "nc-city-of-shelby": {
      "name": "City of Shelby"
    },
    "nc-city-of-statesville": {
      "name": "City of Statesville"
    },
    "nc-city-of-washington": {
      "name": "City of Washington"
    },
    "nc-city-of-wilson": {
      "name": "City of Wilson"
    },
    "nc-con-edison": {
      "name": "Con Edison"
    },
    "nc-dominion-energy": {
      "name": "Dominion Energy"
    },
    "nc-duke-energy-carolinas": {
      "name": "Duke Energy Carolinas"
    },
    "nc-duke-energy-progress": {
      "name": "Duke Energy Progress"
    },
    "nc-edgecombe-martin-county-emc": {
      "name": "Edgecombe-Martin County EMC"
    },
    "nc-energy-united-electric-member-corp": {
      "name": "EnergyUnited Electric Member Corp"
    },
    "nc-fayetteville-pwc": {
      "name": "Fayetteville PWC"
    },
    "nc-four-county-electric-member-corp": {
      "name": "Four County Electric Member Corp"
    },
    "nc-french-broad-electric-member-corp": {
      "name": "French Broad Electric Member Corp"
    },
    "nc-greenville-utilities-commission": {
      "name": "Greenville Utilities Commission"
    },
    "nc-halifax-electric-member-corp": {
      "name": "Halifax Electric Member Corp"
    },
    "nc-haywood-electric-member-corp": {
      "name": "Haywood Electric Member Corp"
    },
    "nc-jones-onslow-electric-membership-corp": {
      "name": "Jones-Onslow Electric Membership Corp"
    },
    "nc-lumbee-river-electric-member-corp": {
      "name": "Lumbee River Electric Member Corp"
    },
    "nc-mecklenburg-electric-cooperative": {
      "name": "Mecklenburg Electric Cooperative"
    },
    "nc-mountain-electric-cooperative": {
      "name": "Mountain Electric Cooperative"
    },
    "nc-new-river-light-and-power": {
      "name": "New River Light & Power"
    },
    "nc-pee-dee-electric-member-corp": {
      "name": "Pee Dee Electric Member Corp"
    },
    "nc-piedmont-electric-member-corp": {
      "name": "Piedmont Electric Member Corp"
    },
    "nc-pitt-and-greene-electric-member-corp": {
      "name": "Pitt & Greene Electric Member Corp"
    },
    "nc-progress-energy-carolinas": {
      "name": "Progress Energy Carolinas"
    },
    "nc-randolph-electric-member-corp": {
      "name": "Randolph Electric Member Corp"
    },
    "nc-roanoke-electric-member-corp": {
      "name": "Roanoke Electric Member Corp"
    },
    "nc-rutherford-electric-member-corp": {
      "name": "Rutherford Electric Member Corp"
    },
    "nc-sharpsburg-nc-town-of": {
      "name": "Sharpsburg NC (Town of)"
    },
    "nc-south-river-electric-member-corp": {
      "name": "South River Electric Member Corp"
    },
    "nc-surry-yadkin-electric-member-corp": {
      "name": "Surry-Yadkin Electric Member Corp"
    },
    "nc-tideland-electric-member-corp": {
      "name": "Tideland Electric Member Corp"
    },
    "nc-town-of-apex": {
      "name": "Town of Apex"
    },
    "nc-town-of-clayton": {
      "name": "Town of Clayton"
    },
    "nc-town-of-edenton": {
      "name": "Town of Edenton"
    },
    "nc-town-of-forest-city": {
      "name": "Town of Forest City"
    },
    "nc-town-of-high-point": {
      "name": "Town of High Point"
    },
    "nc-town-of-huntersville": {
      "name": "Town of Huntersville"
    },
    "nc-town-of-murphy": {
      "name": "Town of Murphy"
    },
    "nc-town-of-pineville": {
      "name": "Town of Pineville"
    },
    "nc-town-of-smithfield": {
      "name": "Town of Smithfield"
    },
    "nc-town-of-tarboro": {
      "name": "Town of Tarboro"
    },
    "nc-town-of-wake-forest": {
      "name": "Town of Wake Forest"
    },
    "nc-tri-county-electric-member-corp": {
      "name": "Tri-County Electric Member Corp"
    },
    "nc-tri-state-electric-member-corp": {
      "name": "Tri-State Electric Member Corp"
    },
    "nc-union-electric-membership-corp": {
      "name": "Union Electric Membership Corp"
    },
    "nc-wake-electric-membership-corp": {
      "name": "Wake Electric Membership Corp"
    }
  }
}
