{
  "AZ": {
    "state": {},
    "utility": {
      "az-mohave-electric-cooperative": {
        "name": "Mohave Electric Cooperative"
      },
      "az-salt-river-project": {
        "name": "Salt River Project"
      },
      "az-sulphur-springs-valley-electric-cooperative": {
        "name": "Sulphur Springs Valley Electric Cooperative"
      },
      "az-tucson-electric-power": {
        "name": "Tucson Electric Power"
      },
      "az-uni-source-energy-services": {
        "name": "UniSource Energy Services"
      }
    }
  },
  "CO": {
    "utility": {
      "co-black-hills-energy": {
        "name": "Black Hills Energy"
      },
      "co-colorado-springs-utilities": {
        "name": "Colorado Springs Utilities"
      },
      "co-fort-collins-utilities": {
        "name": "Fort Collins Utilities"
      },
      "co-longmont-power-and-communications": {
        "name": "Longmont Power and Communications"
      },
      "co-estes-park-power-and-communications": {
        "name": "Estes Park Power and Communications"
      },
      "co-loveland-water-and-power": {
        "name": "Loveland Water and Power"
      },
      "co-platte-river-power-authority": {
        "name": "Platte River Power Authority"
      },
      "co-empire-electric-association": {
        "name": "Empire Electric Association"
      },
      "co-gunnison-county-electric-association": {
        "name": "Gunnison County Electric Association"
      },
      "co-holy-cross-energy": {
        "name": "Holy Cross Energy"
      },
      "co-la-plata-electric-association": {
        "name": "La Plata Electric Association"
      },
      "co-morgan-county-rea": {
        "name": "Morgan County REA"
      },
      "co-mountain-view-electric-association": {
        "name": "Mountain View Electric Association"
      },
      "co-poudre-valley-rea": {
        "name": "Poudre Valley REA"
      },
      "co-san-isabel-electric": {
        "name": "San Isabel Electric"
      },
      "co-san-miguel-power-association": {
        "name": "San Miguel Power Association"
      },
      "co-southeast-colorado-power-association": {
        "name": "Southeast Colorado Power Association"
      },
      "co-tri-state-g-and-t": {
        "name": "Tri-State G&T"
      },
      "co-united-power": {
        "name": "United Power"
      },
      "co-xcel-energy": {
        "name": "Xcel Energy"
      },
      "co-glenwood-springs-electric": {
        "name": "Glenwood Springs Electric"
      },
      "co-highline-electric-association": {
        "name": "Highline Electric Association"
      },
      "co-kc-electric-association": {
        "name": "K.C. Electric Association"
      },
      "co-mountain-parks-electric": {
        "name": "Mountain Parks Electric"
      },
      "co-san-luis-valley-rec": {
        "name": "San Luis Valley REC"
      },
      "co-sangre-de-cristo-electric-association": {
        "name": "Sangre de Cristo Electric Association"
      },
      "co-walking-mountains": {
        "name": "Walking Mountains"
      },
      "co-white-river-electric-association": {
        "name": "White River Electric Association"
      },
      "co-y-w-electric-association": {
        "name": "Y-W Electric Association"
      }
    },
    "city": {
      "co-city-of-boulder": {
        "name": "City of Boulder",
        "city": "Boulder",
        "county": "Boulder"
      },
      "co-town-of-avon": {
        "name": "Town of Avon",
        "city": "Avon",
        "county": "Eagle"
      },
      "co-town-of-eagle": {
        "name": "Town of Eagle",
        "city": "Eagle",
        "county": "Eagle"
      },
      "co-town-of-erie": {
        "name": "Town of Erie",
        "city": "Erie",
        "county": "Weld"
      },
      "co-town-of-vail": {
        "name": "Town of Vail",
        "city": "Vail",
        "county": "Eagle"
      }
    },
    "county": {
      "co-city-and-county-of-denver": {
        "name": "City and County of Denver",
        "county": "Denver"
      },
      "co-boulder-county": {
        "name": "Boulder County",
        "county": "Boulder"
      },
      "co-unincorporated-eagle-county": {
        "name": "Unincorporated Eagle County",
        "county": "Eagle"
      }
    },
    "state": {
      "co-energy-outreach-colorado": {
        "name": "Energy Outreach Colorado"
      },
      "co-colorado-energy-office": {
        "name": "Colorado Energy Office"
      },
      "co-state-of-colorado": {
        "name": "State of Colorado"
      }
    }
  },
  "CT": {
    "state": {
      "ct-deep": {
        "name": "CT Department of Energy & Environmental Protection"
      }
    },
    "utility": {
      "ct-eversource": {
        "name": "Eversource"
      },
      "ct-united-illuminating": {
        "name": "United Illuminating"
      },
      "ct-groton-utilities": {
        "name": "Groton Utilities"
      },
      "ct-norwich-public-utilities": {
        "name": "Norwich Public Utilities"
      }
    }
  },
  "IL": {
    "utility": {
      "il-commonwealth-edison": {
        "name": "Commonwealth Edison"
      },
      "il-corn-belt-energy": {
        "name": "Corn Belt Energy"
      },
      "il-jo-carroll-energy-cooperative": {
        "name": "Jo-Carroll Energy Cooperative"
      },
      "il-mid-american-energy": {
        "name": "MidAmerican Energy"
      }
    },
    "state": {
      "il-state-of-illinois": {
        "name": "State of Illinois"
      }
    }
  },
  "NV": {
    "utility": {
      "nv-nv-energy": {
        "name": "NV Energy"
      },
      "nv-wells-rural-electric-co": {
        "name": "Wells Rural Electric Co."
      },
      "nv-lincoln-county-power-district-no-1": {
        "name": "Lincoln County Power District No. 1"
      },
      "nv-mt-wheeler-power": {
        "name": "Mt. Wheeler Power"
      },
      "nv-boulder-city-municipal-utility": {
        "name": "Boulder City Municipal Utility"
      },
      "nv-raft-river-rural-electric-co-op-inc": {
        "name": "Raft River Rural Electric Co-op, Inc."
      },
      "nv-plumas-sierra-rural-electric-co-op": {
        "name": "Plumas-Sierra Rural Electric Co-op"
      }
    },
    "other": {
      "nv-csa-reno": {
        "name": "CSA Reno"
      },
      "nv-rural-nevada-development-corporation": {
        "name": "Rural Nevada Development Corporation"
      },
      "nv-nevada-rural-housing": {
        "name": "Nevada Rural Housing"
      },
      "nv-help-of-southern-nevada": {
        "name": "HELP of Southern Nevada"
      }
    }
  },
  "NY": {
    "state": {
      "ny-state-of-ny": {
        "name": "State of NY"
      },
      "ny-nyserda": {
        "name": "New York State Energy Research and Development Authority"
      }
    },
    "utility": {
      "ny-central-hudson-gas-and-electric": {
        "name": "Central Hudson Gas & Electric"
      },
      "ny-con-edison": {
        "name": "Con Edison"
      },
      "ny-pseg-long-island": {
        "name": "PSEG Long Island"
      },
      "ny-national-grid": {
        "name": "National Grid"
      },
      "ny-nyseg": {
        "name": "NYSEG"
      },
      "ny-rochester-gas-and-electric": {
        "name": "Rochester Gas & Electric"
      },
      "ny-orange-and-rockland": {
        "name": "Orange & Rockland"
      }
    }
  },
  "RI": {
    "state": {
      "ri-oer": {
        "name": "Rhode Island Office of Energy Resources",
        "logo": {
          "src": "https://storage.googleapis.com/rewiring-america-incentives-assets/ri-oer.png",
          "width": 311,
          "height": 100
        }
      },
      "ri-commerce-corp": {
        "name": "Rhode Island Commerce Corporation"
      },
      "ri-dhs": {
        "name": "Rhode Island Department of Human Services"
      }
    },
    "utility": {
      "ri-rhode-island-energy": {
        "name": "Rhode Island Energy",
        "logo": {
          "src": "https://storage.googleapis.com/rewiring-america-incentives-assets/ri-rhode-island-energy.png",
          "width": 287,
          "height": 100
        }
      },
      "ri-pascoag-utility-district": {
        "name": "Pascoag Utility District",
        "logo": {
          "src": "https://storage.googleapis.com/rewiring-america-incentives-assets/ri-pascoag-utility-district.svg",
          "width": 369,
          "height": 100
        }
      },
      "ri-block-island-power-company": {
        "name": "Block Island Power Company",
        "logo": {
          "src": "https://storage.googleapis.com/rewiring-america-incentives-assets/ri-block-island-power-company.png",
          "width": 119,
          "height": 100
        }
      }
    }
  },
  "VA": {
    "state": {},
    "utility": {
      "va-appalachian-power": {
        "name": "Appalachian Power"
      },
      "va-dominion-energy": {
        "name": "Dominion Energy"
      }
    }
  },
  "VT": {
    "state": {
      "vt-ev": {
        "name": "Efficiency Vermont"
      },
      "vt-state-of-vermont": {
        "name": "State of Vermont"
      }
    },
    "utility": {
      "vt-burlington-electric-department": {
        "name": "Burlington Electric Department"
      },
      "vt-washington-electric-cooperative": {
        "name": "Washington Electric Cooperative"
      },
      "vt-green-mountain-power": {
        "name": "Green Mountain Power"
      },
      "vt-vppsa": {
        "name": "VPPSA"
      },
      "vt-vermont-electric-cooperative": {
        "name": "Vermont Electric Cooperative"
      },
      "vt-vgs": {
        "name": "VGS"
      }
    }
  }
}