{
  "CA": {
    "ca-energy-smart-homes-territories": {
      "utilities": [
        "ca-pacific-gas-and-electric",
        "ca-san-diego-gas-and-electric",
        "ca-southern-california-edison"
      ],
      "description": "Electric utility customers in Pacific Gas and Electric Company, San Diego Gas and Electric Company, and Southern California Edison Company territories are eligible for California's Energy-Smart Homes Single Family Whole Building Electrification Alteration incentives.",
      "incentives": [
        "CA-1",
        "CA-2",
        "CA-3",
        "CA-4",
        "CA-5"
      ]
    }
  },
  "CO": {
    "co-group-aspen-core": {
      "utilities": [
        "co-city-of-aspen-electric",
        "co-holy-cross-energy"
      ],
      "counties": [
        "co-garfield-county",
        "co-pitkin-county"
      ],
      "cities": [
        "co-town-of-basalt",
        "co-town-of-carbondale"
      ],
      "description": "Two utilities, Pitkin County, and \"Roaring Fork Valley portion of Eagle County\". The latter is approximated by the towns of Basalt and Carbondale.",
      "incentives": [
        "CO-570",
        "CO-571",
        "CO-572",
        "CO-573",
        "CO-574",
        "CO-575",
        "CO-576",
        "CO-577",
        "CO-578",
        "CO-579",
        "CO-580",
        "CO-581",
        "CO-582",
        "CO-583",
        "CO-713",
        "CO-714"
      ]
    },
    "co-group-platte-river-power-authority": {
      "utilities": [
        "co-estes-park-power-and-communications",
        "co-fort-collins-utilities",
        "co-longmont-power-and-communications",
        "co-loveland-water-and-power"
      ],
      "incentives": [
        "CO-81",
        "CO-82",
        "CO-83",
        "CO-84",
        "CO-86",
        "CO-87",
        "CO-88",
        "CO-552",
        "CO-557",
        "CO-584"
      ]
    },
    "co-group-walking-mountains": {
      "counties": [
        "co-unincorporated-eagle-county"
      ],
      "incentives": [
        "CO-494",
        "CO-495",
        "CO-496",
        "CO-497",
        "CO-498",
        "CO-499",
        "CO-500",
        "CO-501",
        "CO-502",
        "CO-503",
        "CO-504",
        "CO-505",
        "CO-506",
        "CO-507",
        "CO-508",
        "CO-509",
        "CO-510",
        "CO-511",
        "CO-512",
        "CO-513",
        "CO-514",
        "CO-515",
        "CO-516",
        "CO-517",
        "CO-658"
      ]
    },
    "co-xcel-rebates": {
      "utilities": [
        "co-xcel-energy"
      ],
      "gas_utilities": [
        "co-xcel-energy-gas"
      ],
      "description": "Xcel Electric and Gas Utilities",
      "incentives": [
        "CO-311",
        "CO-312",
        "CO-313",
        "CO-314",
        "CO-315",
        "CO-544",
        "CO-567",
        "CO-568",
        "CO-646",
        "CO-647",
        "CO-648",
        "CO-649",
        "CO-650",
        "CO-651",
        "CO-722",
        "CO-723"
      ]
    }
  },
  "CT": {
    "ct-distressed-municipalities": {
      "cities": [
        "ct-ansonia",
        "ct-bridgeport",
        "ct-chaplin",
        "ct-derby",
        "ct-east-hartford",
        "ct-griswold",
        "ct-hartford",
        "ct-lisbon",
        "ct-mansfield",
        "ct-meriden",
        "ct-montville",
        "ct-naugatuck",
        "ct-new-britain",
        "ct-new-london",
        "ct-norwich",
        "ct-plainfield",
        "ct-plymouth",
        "ct-putnam",
        "ct-sprague",
        "ct-sterling",
        "ct-torrington",
        "ct-waterbury",
        "ct-west-haven",
        "ct-winchester",
        "ct-windham"
      ],
      "description": "CT 2024 Distressed Municipalities",
      "incentives": [
        "CT-41"
      ]
    }
  },
  "IN": {
    "in-wabash-valley-power-alliance": {
      "utilities": [
        "in-boone-county-rural-emc",
        "in-carroll-white-remc",
        "in-fulton-county-remc",
        "in-hendricks-county-rural-emc",
        "in-jasper-county-rural-emc",
        "in-jay-county-rural-emc",
        "in-kankakee-valley-rural-emc",
        "in-kosciusko-county-rural-emc",
        "in-lagrange-county-rural-emc",
        "in-marshall-county-rural-emc",
        "in-miami-cass-county-rural-emc",
        "in-newton-county-remc",
        "in-nine-star-connect",
        "in-noble-county-remc",
        "in-parke-county-rural-emc",
        "in-steuben-county-rural-emc",
        "in-tipmont-rural-electric-member-corp",
        "in-warren-county-remc"
      ],
      "description": "",
      "incentives": [
        "IN-13",
        "IN-14",
        "IN-15",
        "IN-16",
        "IN-18",
        "IN-19",
        "IN-21"
      ]
    }
  },
  "MA": {
    "ma-mass-save": {
      "gas_utilities": [
        "ma-berkshire-gas-co",
        "ma-fitchburg-gas-and-elec-lt-co",
        "ma-liberty-utilities-ma",
        "ma-national-grid-gas",
        "ma-nstar-gas-company"
      ],
      "utilities": [
        "ma-eversource",
        "ma-fitchburg-gas-and-electric-light",
        "ma-national-grid"
      ],
      "description": "Member utilities of Mass Save. Some companies appear twice as they offer both electricity and gas.",
      "incentives": [
        "MA-3",
        "MA-6",
        "MA-17",
        "MA-21",
        "MA-30",
        "MA-31",
        "MA-32",
        "MA-34",
        "MA-36",
        "MA-39",
        "MA-40",
        "MA-41",
        "MA-42",
        "MA-43",
        "MA-44",
        "MA-51",
        "MA-52",
        "MA-53",
        "MA-54",
        "MA-55",
        "MA-56",
        "MA-57",
        "MA-538",
        "MA-539",
        "MA-540",
        "MA-541",
        "MA-542",
        "MA-543",
        "MA-544",
        "MA-545",
        "MA-546",
        "MA-547",
        "MA-548",
        "MA-549",
        "MA-550",
        "MA-551",
        "MA-552",
        "MA-574",
        "MA-575",
        "MA-576",
        "MA-577",
        "MA-578",
        "MA-579",
        "MA-580",
        "MA-581",
        "MA-582",
        "MA-583",
        "MA-584",
        "MA-585",
        "MA-587",
        "MA-588",
        "MA-589",
        "MA-590",
        "MA-591",
        "MA-592",
        "MA-593",
        "MA-594",
        "MA-595",
        "MA-596",
        "MA-597",
        "MA-598",
        "MA-599",
        "MA-603"
      ]
    },
    "ma-mass-save-electric": {
      "utilities": [
        "ma-eversource",
        "ma-fitchburg-gas-and-electric-light",
        "ma-national-grid"
      ],
      "description": "Mass Save Electric (not gas) utilities",
      "incentives": [
        "MA-45",
        "MA-46",
        "MA-49",
        "MA-50"
      ]
    },
    "ma-middleborough-ged": {
      "gas_utilities": [
        "ma-middleborough-gas-and-elec-dep"
      ],
      "utilities": [
        "ma-town-of-middleborough"
      ],
      "description": "Middleborough Gas and Electric Department to combine their gas and electric",
      "incentives": [
        "MA-121",
        "MA-122",
        "MA-123",
        "MA-124",
        "MA-125",
        "MA-126",
        "MA-127",
        "MA-128",
        "MA-129",
        "MA-130",
        "MA-131",
        "MA-132",
        "MA-133",
        "MA-134",
        "MA-135",
        "MA-136",
        "MA-137",
        "MA-138",
        "MA-139"
      ]
    },
    "ma-mvrf-area": {
      "cities": [
        "ma-andover",
        "ma-lawrence",
        "ma-north-andover"
      ],
      "description": "Merrimack Valley Renew Fund area",
      "incentives": [
        "MA-572",
        "MA-573"
      ]
    },
    "ma-turnkey-pilots": {
      "cities": [
        "ma-city-of-brockton",
        "ma-city-of-quincy",
        "ma-city-of-springfield",
        "ma-town-of-plymouth"
      ],
      "description": "Residential Turnkey pilot communities for first half of 2025.",
      "incentives": [
        "MA-70"
      ]
    },
    "ma-westfield-gas-electric": {
      "utilities": [
        "ma-city-of-westfield"
      ],
      "gas_utilities": [
        "ma-westfield-gas-and-elec-lt-dep"
      ],
      "description": "Used to display incentives to both electric and gas users.",
      "incentives": [
        "MA-71",
        "MA-164",
        "MA-165",
        "MA-166",
        "MA-167",
        "MA-168",
        "MA-169",
        "MA-170",
        "MA-171"
      ]
    }
  },
  "MI": {
    "mi-egle-pilot": {
      "utilities": [
        "mi-city-of-holland",
        "mi-upper-peninsula-power-company"
      ],
      "description": "IRA rebate pilot communities.",
      "incentives": []
    }
  },
  "MN": {
    "mn-missouri-river-energy-services": {
      "utilities": [
        "mn-adrian-public-utilities",
        "mn-alexandria-light-and-power",
        "mn-barnesville-municipal-power",
        "mn-benson-municipal-utilities",
        "mn-breckenridge-public-utilities",
        "mn-city-of-jackson",
        "mn-city-of-luverne",
        "mn-city-of-staples",
        "mn-detroit-lakes-public-utility",
        "mn-elbow-lake-municipal-power",
        "mn-hutchinson-utilities-commission",
        "mn-lake-park-public-utilities",
        "mn-lakefield-municipal-utilities",
        "mn-madison-municipal-utilities",
        "mn-melrose-public-utilities",
        "mn-moorhead-public-service",
        "mn-ortonville-light-department",
        "mn-sauk-centre-public-utilities",
        "mn-st-james-municipal-light-and-power",
        "mn-wadena-light-and-water",
        "mn-westbrook-municipal-light-and-power",
        "mn-willmar-municipal-utilities",
        "mn-worthington-public-utilities"
      ],
      "gas_utilities": [
        "mn-city-of-henning"
      ],
      "description": "Runs the Bright Energy Solutions program.",
      "incentives": [
        "MN-177",
        "MN-178",
        "MN-181"
      ]
    },
    "mn-southern-minnesota-municipal-power-agency": {
      "utilities": [
        "mn-blooming-prairie-public-utilities",
        "mn-fairmont-public-utilities",
        "mn-grand-marais-public-utilities",
        "mn-lake-city-utility-board",
        "mn-litchfield-public-utilities",
        "mn-mora-municipal-utilities",
        "mn-new-prague-utilities-commission",
        "mn-preston-public-utilities",
        "mn-princeton-public-utilities",
        "mn-redwood-falls-public-utilities",
        "mn-spring-valley-public-utilities-comm",
        "mn-st-peter-municipal-utilities",
        "mn-waseca-utility",
        "mn-wells-public-utilities"
      ],
      "description": "Runs the SMPPA program",
      "incentives": [
        "MN-179",
        "MN-182"
      ]
    }
  },
  "NM": {
    "Forth Carshare Cities": {
      "cities": [
        "nm-forth-albuquerque",
        "nm-forth-las-cruces",
        "nm-forth-santa-fe"
      ],
      "description": "Cities where Forth has or plans to have low-cost EV carshare sights in New Mexioc",
      "incentives": [
        "NM-198"
      ]
    },
    "nm-prosperityworks-locations": {
      "counties": [
        "nm-bernalillo-county"
      ],
      "cities": [
        "nm-city-of-albuquerque",
        "nm-town-of-bernalillo"
      ],
      "description": "Prosperity Works oversees retrofits for income-limited households in Albuquerque, Bernalillo County and the Town of Bernalillo",
      "incentives": [
        "NM-227"
      ]
    }
  },
  "NV": {
    "nv-group-csa-reno": {
      "counties": [
        "nv-washoe-county"
      ],
      "incentives": [
        "NV-74"
      ]
    },
    "nv-group-help-of-southern-nevada": {
      "cities": [
        "nv-city-of-henderson",
        "nv-city-of-las-vegas"
      ],
      "description": "",
      "incentives": [
        "NV-77"
      ]
    },
    "nv-group-nevada-rural-housing": {
      "counties": [
        "nv-carson-city-county",
        "nv-churchill-county",
        "nv-douglas-county",
        "nv-lyon-county",
        "nv-storey-county"
      ],
      "incentives": [
        "NV-76"
      ]
    },
    "nv-group-nevada-rural-housing-north-lv": {
      "cities": [
        "nv-city-of-north-las-vegas"
      ],
      "incentives": [
        "NV-79"
      ]
    },
    "nv-group-rural-nevada-development-corporation": {
      "counties": [
        "nv-elko-county",
        "nv-esmeralda-county",
        "nv-eureka-county",
        "nv-humboldt-county",
        "nv-lander-county",
        "nv-lincoln-county",
        "nv-mineral-county",
        "nv-nye-county",
        "nv-pershing-county",
        "nv-white-pine-county"
      ],
      "incentives": [
        "NV-75"
      ]
    }
  },
  "OR": {
    "or-central-region": {
      "counties": [
        "or-crook-county",
        "or-deschutes-county",
        "or-jefferson-county"
      ],
      "description": "Central Region",
      "incentives": []
    },
    "or-energy-trust-regional-offer": {
      "counties": [
        "or-gilliam-county",
        "or-morrow-county",
        "or-wallowa-county"
      ],
      "description": "",
      "incentives": [
        "OR-2",
        "OR-45",
        "OR-46",
        "OR-47",
        "OR-86",
        "OR-381",
        "OR-382"
      ]
    },
    "or-eto-all": {
      "gas_utilities": [
        "or-avista",
        "or-cascade-natural-gas",
        "or-nw-natural"
      ],
      "utilities": [
        "or-pacific-power",
        "or-portland-general-electric"
      ],
      "description": "Incentives applicable to Energy Trust of Oregon customers only",
      "incentives": [
        "OR-17",
        "OR-18",
        "OR-19",
        "OR-20",
        "OR-21",
        "OR-22",
        "OR-23",
        "OR-24",
        "OR-25",
        "OR-26",
        "OR-27",
        "OR-28",
        "OR-29"
      ]
    },
    "or-eto-electric": {
      "utilities": [
        "or-pacific-power",
        "or-portland-general-electric"
      ],
      "description": "",
      "incentives": [
        "OR-1",
        "OR-3",
        "OR-4",
        "OR-5",
        "OR-6",
        "OR-7",
        "OR-8",
        "OR-32",
        "OR-33",
        "OR-87",
        "OR-88",
        "OR-89",
        "OR-90",
        "OR-357"
      ]
    },
    "or-eto-gas": {
      "gas_utilities": [
        "or-avista",
        "or-cascade-natural-gas",
        "or-nw-natural"
      ],
      "description": "",
      "incentives": [
        "OR-353"
      ]
    },
    "or-greater-eastern-oregon-region": {
      "counties": [
        "or-gilliam-county",
        "or-grant-county",
        "or-harney-county",
        "or-malheur-county",
        "or-morrow-county",
        "or-umatilla-county",
        "or-wheeler-county"
      ],
      "description": "Greater Eastern Oregon Region",
      "incentives": []
    },
    "or-metro-region": {
      "counties": [
        "or-clackamas-county",
        "or-multnomah-county",
        "or-washington-county"
      ],
      "description": "Metro Region",
      "incentives": [
        "OR-392"
      ]
    },
    "or-mid-valley-region": {
      "counties": [
        "or-marion-county",
        "or-polk-county",
        "or-yamhill-county"
      ],
      "description": "Mid-Valley Region",
      "incentives": []
    },
    "or-north-central-region": {
      "counties": [
        "or-hood-river-county",
        "or-sherman-county",
        "or-wasco-county"
      ],
      "description": "North Central Region",
      "incentives": []
    },
    "or-north-coast-region": {
      "counties": [
        "or-clatsop-county",
        "or-columbia-county",
        "or-tillamook-county"
      ],
      "description": "North Coast Region",
      "incentives": [
        "OR-350"
      ]
    },
    "or-northeast-oregon-region": {
      "counties": [
        "or-baker-county",
        "or-union-county",
        "or-wallowa-county"
      ],
      "description": "Northeast Oregon Region",
      "incentives": [
        "OR-397"
      ]
    },
    "or-south-central-region": {
      "counties": [
        "or-klamath-county",
        "or-lake-county"
      ],
      "description": "South Central Region",
      "incentives": []
    },
    "or-south-coast-region": {
      "counties": [
        "or-coos-county",
        "or-curry-county",
        "or-douglas-county"
      ],
      "description": "South Coast Region",
      "incentives": [
        "OR-390"
      ]
    },
    "or-south-valley-mid-coast-region": {
      "counties": [
        "or-benton-county",
        "or-lane-county",
        "or-lincoln-county",
        "or-linn-county"
      ],
      "description": "South Valley/Mid-Coast Region",
      "incentives": []
    },
    "or-southern-oregon-region": {
      "counties": [
        "or-jackson-county",
        "or-josephine-county"
      ],
      "description": "Southern Oregon Region",
      "incentives": []
    }
  },
  "PA": {
    "pa-group-first-energy": {
      "utilities": [
        "pa-met-ed",
        "pa-penelec",
        "pa-penn-power",
        "pa-west-penn-power-company"
      ],
      "incentives": [
        "PA-15",
        "PA-16",
        "PA-17",
        "PA-18",
        "PA-19",
        "PA-20",
        "PA-21",
        "PA-23",
        "PA-24",
        "PA-25",
        "PA-26"
      ]
    }
  },
  "TN": {
    "tn-tva-energyright": {
      "utilities": [
        "tn-appalachian-electric-cooperative",
        "tn-athens-utility-board",
        "tn-city-of-alcoa-utilities",
        "tn-city-of-bristol",
        "tn-city-of-chattanooga",
        "tn-city-of-cleveland",
        "tn-city-of-clinton",
        "tn-city-of-dayton",
        "tn-city-of-elizabethton",
        "tn-city-of-etowah",
        "tn-city-of-greeneville",
        "tn-city-of-harriman",
        "tn-city-of-jellico",
        "tn-city-of-la-follette",
        "tn-city-of-lenoir",
        "tn-city-of-morristown",
        "tn-city-of-newport",
        "tn-city-of-oak-ridge",
        "tn-city-of-rockwood",
        "tn-city-of-sweetwater",
        "tn-fort-loudoun-electric-cooperative",
        "tn-knoxville-utilities-board",
        "tn-loudon-utilities-board",
        "tn-maryville-utilities",
        "tn-mountain-electric-cooperative",
        "tn-plateau-electric-cooperative",
        "tn-powell-valley-electric-cooperative",
        "tn-sequachee-valley-electric-cooperative",
        "tn-sevier-county-electric-system",
        "tn-town-of-erwin",
        "tn-volunteer-electric-cooperative"
      ],
      "description": "Utilities that are part of TVA and their customers qualify for EnergyRight",
      "incentives": []
    }
  },
  "UT": {
    "ut-uamps-home-energy": {
      "utilities": [
        "ut-brigham-city-corporation",
        "ut-city-of-springville",
        "ut-enterprise-ut-city-of",
        "ut-hurricane-city-power",
        "ut-hyrum-city-corporation",
        "ut-kaysville-city-corporation",
        "ut-lehi-city-corporation",
        "ut-payson-city-corporation",
        "ut-price-city-utilities",
        "ut-south-utah-valley-electric-service-district"
      ],
      "description": "UAMPS utilities participating in the Home Energy Savings Program.",
      "incentives": [
        "UT-19"
      ]
    },
    "ut-umpa": {
      "utilities": [
        "ut-provo-city-corp",
        "ut-spanish-fork-city-corporation"
      ],
      "description": "Utah Municipal Power Agency utilities ",
      "incentives": [
        "UT-50",
        "UT-51",
        "UT-52"
      ]
    }
  },
  "VT": {
    "vt-group-vppsa": {
      "utilities": [
        "vt-lyndon-electric-department",
        "vt-morrisville-water-and-light",
        "vt-stowe-electric-department",
        "vt-swanton-electric",
        "vt-town-of-hardwick-electric-department",
        "vt-town-of-northfield-electric-department",
        "vt-village-of-ludlow-electric-light-department"
      ],
      "incentives": [
        "VT-11",
        "VT-36",
        "VT-64"
      ]
    }
  },
  "WI": {
    "wi-acha-counties": {
      "counties": [
        "wi-ashland-county",
        "wi-bayfield-county",
        "wi-douglas-county",
        "wi-iron-county",
        "wi-oneida-county",
        "wi-vilas-county"
      ],
      "description": "Counties served by Ashland County Housing Authority",
      "incentives": [
        "WI-144"
      ]
    },
    "wi-advocap-counties": {
      "counties": [
        "wi-fon-du-lac-county",
        "wi-green-lake-county",
        "wi-winnebago-county"
      ],
      "description": "Counties served by ADVOCAP",
      "incentives": [
        "WI-143"
      ]
    },
    "wi-cap-counties": {
      "counties": [
        "wi-marquette-county",
        "wi-portage-county",
        "wi-waupaca-county",
        "wi-waushara-county"
      ],
      "description": "Counties served by CAP Services.",
      "incentives": [
        "WI-146"
      ]
    },
    "wi-casa-esperanza-counties": {
      "counties": [
        "wi-jefferson-county",
        "wi-milwaukee-county",
        "wi-waukesha-county"
      ],
      "description": "Counties served by La Casa de Esperanza weatherization programs.",
      "incentives": [
        "WI-142"
      ]
    },
    "wi-community-action-counties": {
      "counties": [
        "wi-rock-county",
        "wi-walworth-county"
      ],
      "description": "Community Action of Rock and Walworth Counties",
      "incentives": [
        "WI-145"
      ]
    },
    "wi-coulee-cap-counties": {
      "counties": [
        "wi-crawford-county",
        "wi-la-crosse-county",
        "wi-monroe-county",
        "wi-vernon-county"
      ],
      "description": "Counties served by Couleecap",
      "incentives": [
        "WI-152"
      ]
    },
    "wi-group-focus-on-energy": {
      "utilities": [
        "wi-adams-columbia-electric-cooperative",
        "wi-algoma-utilities",
        "wi-bangor-municipal-utility",
        "wi-black-river-falls-municipal-utilities",
        "wi-boscobel-utilities",
        "wi-brodhead-water-and-light",
        "wi-cedarburg-light-and-water",
        "wi-city-utilities-richland-center",
        "wi-clark-electric-cooperative",
        "wi-clintonville-utilities",
        "wi-columbus-utilties",
        "wi-consolidated-water-power-company",
        "wi-cuba-city-light-and-water",
        "wi-dahlberg-light-and-power-company",
        "wi-eau-claire-energy-cooperative",
        "wi-elkhorn-light-and-water",
        "wi-evansville-water-and-light",
        "wi-florence-utilities",
        "wi-hustisford-utilities",
        "wi-jefferson-utilities",
        "wi-juneau-utilities",
        "wi-kaukauna-utilities",
        "wi-lake-mills-light-and-water",
        "wi-lodi-utilities",
        "wi-madison-gas-and-electric",
        "wi-manitowoc-public-utilities",
        "wi-marshfield-utilities",
        "wi-medford-electric-utility",
        "wi-menasha-utilities",
        "wi-mount-horeb-utilities",
        "wi-muscoda-utilities",
        "wi-new-glarus-utilities",
        "wi-new-holstein-utilities",
        "wi-new-london-utilities",
        "wi-new-richmond-utilities",
        "wi-north-central-power-co",
        "wi-northwestern-wisconsin-electric-company",
        "wi-oakdale-electric-cooperative",
        "wi-oconomowoc-utilities",
        "wi-oconto-falls-municipal-utilities",
        "wi-pierce-pepin-cooperative-services",
        "wi-pioneer-power-and-light",
        "wi-plymouth-utilities",
        "wi-reedsburg-utility-comm",
        "wi-rice-lake-utilities",
        "wi-river-falls-municipal-utilities",
        "wi-rock-energy-cooperative",
        "wi-scenic-rivers-energy-cooperative",
        "wi-shawano-municipal-utilities",
        "wi-sheboygan-falls-utilities",
        "wi-slinger-utilities",
        "wi-stoughton-utilities",
        "wi-sturgeon-bay-utilities",
        "wi-sun-prairie-utilities",
        "wi-superior-water-light-and-power",
        "wi-taylor-electric-cooperative",
        "wi-two-rivers-utilities",
        "wi-vernon-electric-cooperative",
        "wi-village-of-prairie-du-sac",
        "wi-waterloo-utilities",
        "wi-waunakee-utilities",
        "wi-waupun-utilities",
        "wi-we-energies",
        "wi-westby-utilities",
        "wi-westfield-milling-and-electric-light-company",
        "wi-whitehall-electric-utility",
        "wi-wisconsin-power-and-light",
        "wi-wisconsin-public-service-corp",
        "wi-wisconsin-rapids-w-w-and-l-comm",
        "wi-xcel-energy"
      ],
      "incentives": [
        "WI-18",
        "WI-19",
        "WI-20",
        "WI-21",
        "WI-22",
        "WI-23",
        "WI-24",
        "WI-25",
        "WI-26",
        "WI-27",
        "WI-28",
        "WI-29",
        "WI-30",
        "WI-31",
        "WI-32",
        "WI-135",
        "WI-136",
        "WI-137",
        "WI-153",
        "WI-154",
        "WI-155"
      ]
    },
    "wi-newcap-counties": {
      "counties": [
        "wi-brown-county",
        "wi-florence-county",
        "wi-forest-county",
        "wi-marinette-county",
        "wi-menominee-county",
        "wi-oconto-county",
        "wi-shawano-county"
      ],
      "description": "Counties served by Newcap weatherization",
      "incentives": [
        "WI-140"
      ]
    },
    "wi-north-central-cap-counties": {
      "counties": [
        "wi-langlade-county",
        "wi-lincoln-county",
        "wi-marathon-county",
        "wi-price-county",
        "wi-rusk-county",
        "wi-sawyer-county",
        "wi-taylor-county",
        "wi-wood-county"
      ],
      "description": "Counties served by North Central CAP",
      "incentives": [
        "WI-147"
      ]
    },
    "wi-outagamie-counties": {
      "counties": [
        "wi-calumet-county",
        "wi-outagamie-county"
      ],
      "description": "Counties served by Outagamie CHA",
      "incentives": [
        "WI-148"
      ]
    },
    "wi-partners-4cd-weatherization": {
      "counties": [
        "wi-door-county",
        "wi-kewaunee-county",
        "wi-manitowoc-county",
        "wi-milwaukee-county",
        "wi-ozaukee-county",
        "wi-sheboygan-county"
      ],
      "description": "Counties served by Partners for Community Development weatherization program.",
      "incentives": [
        "WI-139"
      ]
    },
    "wi-project-home-counties": {
      "counties": [
        "wi-dane-county",
        "wi-green-county"
      ],
      "description": "Counties served by Project Home for weatherization programs.",
      "incentives": [
        "WI-138"
      ]
    },
    "wi-rkcaa-counties": {
      "counties": [
        "wi-kenosha-county",
        "wi-racine-county"
      ],
      "description": "Racine-Kenosha Community Action Agency counties served",
      "incentives": [
        "WI-141"
      ]
    },
    "wi-sw-cap-counties": {
      "counties": [
        "wi-grant-county",
        "wi-iowa-county",
        "wi-lafayette-county",
        "wi-richland-county"
      ],
      "description": "Counties served by SW WI CAP",
      "incentives": [
        "WI-149"
      ]
    },
    "wi-west-central-counties": {
      "counties": [
        "wi-barron-county",
        "wi-burnett-county",
        "wi-chippewa-county",
        "wi-dunn-county",
        "wi-pepin-county",
        "wi-pierce-county",
        "wi-polk-county",
        "wi-saint-croix-county",
        "wi-washburn-county"
      ],
      "description": "Counties served by West Central WI CAP",
      "incentives": [
        "WI-150"
      ]
    },
    "wi-western-dairyland-counties": {
      "counties": [
        "wi-buffalo-county",
        "wi-clark-county",
        "wi-eau-claire",
        "wi-jackson-county",
        "wi-trempealeau-county"
      ],
      "description": "Counties served by Western Dairyland",
      "incentives": [
        "WI-151"
      ]
    }
  }
}
