{
  "city": {
    "ma-andover": {
      "name": "Andover",
      "geography_id": 3331
    },
    "ma-city-of-brockton": {
      "name": "City of Brockton",
      "geography_id": 3329
    },
    "ma-city-of-quincy": {
      "name": "City of Quincy",
      "geography_id": 3327
    },
    "ma-city-of-springfield": {
      "name": "City of Springfield",
      "geography_id": 3326
    },
    "ma-lawrence": {
      "name": "Lawrence",
      "geography_id": 3328
    },
    "ma-north-andover": {
      "name": "North Andover",
      "geography_id": 3330
    },
    "ma-town-of-plymouth": {
      "name": "Town of Plymouth ",
      "geography_id": 3325
    }
  },
  "gas_utility": {
    "ma-berkshire-gas-co": {
      "name": "Berkshire Gas Co"
    },
    "ma-blackstone-gas-co": {
      "name": "Liberty"
    },
    "ma-fitchburg-gas-and-elec-lt-co": {
      "name": "Unitil"
    },
    "ma-holyoke-gas-and-elec-dep": {
      "name": "Holyoke Gas and Electric Department"
    },
    "ma-liberty-utilities-ma": {
      "name": "Liberty Utilities MA"
    },
    "ma-middleborough-gas-and-elec-dep": {
      "name": "Middleborough Gas & Elec Dep"
    },
    "ma-national-grid-gas": {
      "name": "National Grid"
    },
    "ma-nstar-gas-company": {
      "name": "Eversource"
    },
    "ma-wakefield-gas-and-electric": {
      "name": "Wakefield Gas & Electric"
    },
    "ma-westfield-gas-and-elec-lt-dep": {
      "name": "Westfield Gas & Elec Lt Dep"
    }
  },
  "other": {
    "ma-massSave": {
      "name": "Mass Save"
    },
    "ma-merrimack-valley-renew-fund-area": {
      "name": "Merrimack Valley Renew Fund"
    },
    "ma-middleborough-gas-and-electric": {
      "name": "Middleborough Gas and Electric"
    },
    "ma-westfield-gas-and-electric": {
      "name": "Westfield Gas & Electric"
    }
  },
  "state": {
    "ma-massachusetts-department-of-energy-resources-doer": {
      "name": "Massachusetts Department of Energy Resources (DOER)",
      "geography_id": 21
    }
  },
  "utility": {
    "ma-ashburnham-municipal-light-plant": {
      "name": "Ashburnham Municipal Light Plant"
    },
    "ma-boylston-municipal-light-plant": {
      "name": "Boylston Municipal Light Plant"
    },
    "ma-braintree-electric-light-department": {
      "name": "Braintree Electric Light Department"
    },
    "ma-chester-municipal-light-plant": {
      "name": "Chester Municipal Light Plant"
    },
    "ma-city-of-chicopee": {
      "name": "Chicopee Municipal Light Plant"
    },
    "ma-city-of-hingham": {
      "name": "Hingham Municipal Light Plant"
    },
    "ma-city-of-holyoke": {
      "name": "Holyoke Gas and Electric Department"
    },
    "ma-city-of-marblehead": {
      "name": "Marblehead Municipal Light Plant"
    },
    "ma-city-of-norwood": {
      "name": "City of Norwood"
    },
    "ma-city-of-peabody": {
      "name": "City of Peabody"
    },
    "ma-city-of-taunton": {
      "name": "Taunton Municipal Light Plant"
    },
    "ma-city-of-westfield": {
      "name": "Westfield Gas + Electric"
    },
    "ma-eversource": {
      "name": "Eversource"
    },
    "ma-fitchburg-gas-and-electric-light": {
      "name": "Unitil"
    },
    "ma-georgetown-municipal-light-plant": {
      "name": "Georgetown Municipal Light Plant"
    },
    "ma-groton-electric-light-dept": {
      "name": "Groton Electric Light Dept"
    },
    "ma-groveland-municipal-light-plant": {
      "name": "Groveland Municipal Light Plant"
    },
    "ma-holden-municipal-light-plant": {
      "name": "Holden Municipal Light Plant"
    },
    "ma-hull-municipal-light-plant": {
      "name": "Hull Municipal Light Plant"
    },
    "ma-merrimac-municipal-light-plant": {
      "name": "Merrimac Municipal Light Plant"
    },
    "ma-national-grid": {
      "name": "National Grid"
    },
    "ma-paxton-municipal-light-department": {
      "name": "Paxton Municipal Light Department"
    },
    "ma-princeton-municipal-light-dept": {
      "name": "Princeton Municipal Light Dept"
    },
    "ma-rowley-municipal-light-plant": {
      "name": "Rowley Municipal Light Plant"
    },
    "ma-russell-municipal-light-plant": {
      "name": "Russell Municipal Light Plant"
    },
    "ma-templeton-municipal-light-plant": {
      "name": "Templeton Municipal Light Plant"
    },
    "ma-town-of-belmont": {
      "name": "Belmont Municipal Light Plant"
    },
    "ma-town-of-concord": {
      "name": "Concord Municipal Light Plant"
    },
    "ma-town-of-danvers": {
      "name": "Danvers Municipal Light Plant"
    },
    "ma-town-of-hudson": {
      "name": "Hudson Light and Power Department"
    },
    "ma-town-of-ipswich": {
      "name": "Ipswich Municipal Light Plant"
    },
    "ma-town-of-littleton": {
      "name": "Littleton Municipal Light Plant"
    },
    "ma-town-of-mansfield": {
      "name": "Mansfield Municipal Light Plant"
    },
    "ma-town-of-middleborough": {
      "name": "Town of Middleborough"
    },
    "ma-town-of-middleton": {
      "name": "Town of Middleton"
    },
    "ma-town-of-north-attleborough": {
      "name": "Town of North Attleborough"
    },
    "ma-town-of-reading": {
      "name": "Town of Reading"
    },
    "ma-town-of-shrewsbury": {
      "name": "Shrewsbury Electric and Cable Operations (SELCO)"
    },
    "ma-town-of-south-hadley": {
      "name": "South Hadley Electric Light Department"
    },
    "ma-town-of-sterling": {
      "name": "Sterling Municipal Light Department"
    },
    "ma-town-of-wakefield": {
      "name": "Wakefield MGLD"
    },
    "ma-town-of-wellesley": {
      "name": "Wellesley Municipal Light Plant"
    },
    "ma-west-boylston-mlp": {
      "name": "West Boylston Municipal Light Plant"
    }
  }
}
