{
  "city": {
    "co-city-of-boulder": {
      "name": "City of Boulder",
      "city": "Boulder",
      "county_fips": "08013"
    },
    "co-city-of-louisville": {
      "name": "City of Louisville",
      "city": "Louisville",
      "county_fips": "08013"
    },
    "co-town-of-avon": {
      "name": "Town of Avon",
      "city": "Avon",
      "county_fips": "08037"
    },
    "co-town-of-basalt": {
      "name": "Town of Basalt",
      "city": "Basalt"
    },
    "co-town-of-carbondale": {
      "name": "Town of Carbondale",
      "city": "Carbondale",
      "county_fips": "08047"
    },
    "co-town-of-eagle": {
      "name": "Town of Eagle",
      "city": "Eagle",
      "county_fips": "08037"
    },
    "co-town-of-erie": {
      "name": "Town of Erie",
      "city": "Erie",
      "county_fips": "08123"
    },
    "co-town-of-vail": {
      "name": "Town of Vail",
      "city": "Vail",
      "county_fips": "08037"
    }
  },
  "county": {
    "co-boulder-county": {
      "name": "Boulder County",
      "county_fips": "08013"
    },
    "co-city-and-county-of-denver": {
      "name": "City and County of Denver",
      "county_fips": "08031"
    },
    "co-garfield-county": {
      "name": "Garfield County",
      "county_fips": "08045"
    },
    "co-pitkin-county": {
      "name": "Pitkin County",
      "county_fips": "08097"
    },
    "co-unincorporated-eagle-county": {
      "name": "Unincorporated Eagle County",
      "county_fips": "08037"
    }
  },
  "gas_utility": {
    "co-atmos-energy": {
      "name": "Atmos Energy"
    },
    "co-black-hills-energy-gas": {
      "name": "Black Hills Energy"
    },
    "co-center-municipal-gas": {
      "name": "Center Municipal Gas"
    },
    "co-city-of-fort-morgan-gas": {
      "name": "City of Fort Morgan"
    },
    "co-city-of-trinidad": {
      "name": "City of Trinidad"
    },
    "co-city-of-walsenburg": {
      "name": "City of Walsenburg"
    },
    "co-colorado-natural-gas": {
      "name": "Colorado Natural Gas"
    },
    "co-colorado-springs-utilities-gas": {
      "name": "Colorado Springs Utilities"
    },
    "co-town-of-aguilar": {
      "name": "Town of Aguilar"
    },
    "co-town-of-ignacio": {
      "name": "Town of Ignacio"
    },
    "co-town-of-rangely": {
      "name": "Town of Rangely"
    },
    "co-walden-gas": {
      "name": "Walden Gas"
    },
    "co-xcel-energy-gas": {
      "name": "Xcel Energy"
    }
  },
  "other": {
    "co-aspen-community-office-for-resource-efficiency": {
      "name": "Aspen Community Office for Resource Efficiency (Aspen CORE)"
    },
    "co-platte-river-power-authority": {
      "name": "Platte River Power Authority"
    },
    "co-tri-state-g-and-t": {
      "name": "Tri-State G&T"
    },
    "co-walking-mountains": {
      "name": "Walking Mountains"
    },
    "co-xcel-energy-combined": {
      "name": "Xcel Energy"
    }
  },
  "state": {
    "co-colorado-energy-office": {
      "name": "Colorado Energy Office"
    },
    "co-energy-outreach-colorado": {
      "name": "Energy Outreach Colorado"
    },
    "co-state-of-colorado": {
      "name": "State of Colorado"
    }
  },
  "utility": {
    "co-black-hills-energy": {
      "name": "Black Hills Energy"
    },
    "co-burlington-municipal": {
      "name": "Burlington Municipal"
    },
    "co-center-municipal": {
      "name": "Center Municipal"
    },
    "co-city-of-aspen-electric": {
      "name": "City of Aspen Electric"
    },
    "co-city-of-fort-morgan": {
      "name": "City of Fort Morgan"
    },
    "co-city-of-fountain": {
      "name": "City of Fountain"
    },
    "co-city-of-gunnison": {
      "name": "City of Gunnison"
    },
    "co-colorado-springs-utilities": {
      "name": "Colorado Springs Utilities"
    },
    "co-core-electric-cooperative": {
      "name": "CORE Electric Cooperative"
    },
    "co-delta-montrose-electric-association": {
      "name": "Delta Montrose Electric Association"
    },
    "co-delta-municipal-light-and-power": {
      "name": "Delta Municipal Light & Power"
    },
    "co-empire-electric-association": {
      "name": "Empire Electric Association"
    },
    "co-estes-park-power-and-communications": {
      "name": "Estes Park Power and Communications"
    },
    "co-fleming-electric": {
      "name": "Fleming Electric"
    },
    "co-fort-collins-utilities": {
      "name": "Fort Collins Utilities"
    },
    "co-glenwood-springs-electric": {
      "name": "Glenwood Springs Electric"
    },
    "co-granada-municipal": {
      "name": "Granada Municipal"
    },
    "co-grand-valley-power": {
      "name": "Grand Valley Power"
    },
    "co-gunnison-county-electric-association": {
      "name": "Gunnison County Electric Association."
    },
    "co-haxtun-municipal": {
      "name": "Haxtun Municipal"
    },
    "co-high-west-energy": {
      "name": "High West Energy"
    },
    "co-highline-electric-association": {
      "name": "Highline Electric Association"
    },
    "co-holly-municipal": {
      "name": "Holly Municipal"
    },
    "co-holy-cross-energy": {
      "name": "Holy Cross Energy"
    },
    "co-holyoke-electric-department": {
      "name": "Holyoke Electric Department"
    },
    "co-julesburg-municipal": {
      "name": "Julesburg Municipal"
    },
    "co-kc-electric-association": {
      "name": "K.C. Electric Association"
    },
    "co-la-junta-municipal-utilities": {
      "name": "La Junta Municipal Utilities"
    },
    "co-la-plata-electric-association": {
      "name": "La Plata Electric Association"
    },
    "co-lamar-utilities": {
      "name": "Lamar Utilities"
    },
    "co-las-animas-municipal": {
      "name": "Las Animas Municipal"
    },
    "co-longmont-power-and-communications": {
      "name": "Longmont Power & Communications"
    },
    "co-loveland-water-and-power": {
      "name": "Loveland Water and Power"
    },
    "co-lyons-municipal": {
      "name": "Lyons Municipal"
    },
    "co-moon-lake-electric-association": {
      "name": "Moon Lake Electric Association"
    },
    "co-morgan-county-rea": {
      "name": "Morgan County REA"
    },
    "co-mountain-parks-electric": {
      "name": "Mountain Parks Electric"
    },
    "co-mountain-view-electric-association": {
      "name": "Mountain View Electric Association"
    },
    "co-oak-creek-electric": {
      "name": "Oak Creek Electric"
    },
    "co-poudre-valley-rea": {
      "name": "Poudre Valley REA"
    },
    "co-san-isabel-electric": {
      "name": "San Isabel Electric"
    },
    "co-san-luis-valley-rec": {
      "name": "San Luis Valley REC"
    },
    "co-san-miguel-power-association": {
      "name": "San Miguel Power Association"
    },
    "co-sangre-de-cristo-electric-association": {
      "name": "Sangre de Cristo Electric Association"
    },
    "co-southeast-colorado-power-association": {
      "name": "Southeast Colorado Power Association"
    },
    "co-southwestern-electric-cooperative": {
      "name": "Southwestern Electric Cooperative"
    },
    "co-springfield-municipal": {
      "name": "Springfield Municipal"
    },
    "co-trinidad-municipal": {
      "name": "Trinidad Municipal"
    },
    "co-united-power": {
      "name": "United Power"
    },
    "co-wheatland-electric-cooperative": {
      "name": "Wheatland Electric Cooperative"
    },
    "co-white-river-electric-association": {
      "name": "White River Electric Association"
    },
    "co-wray-municipal": {
      "name": "Wray Municipal"
    },
    "co-xcel-energy": {
      "name": "Xcel Energy"
    },
    "co-y-w-electric-association": {
      "name": "Y-W Electric Association"
    },
    "co-yampa-valley-electric-association": {
      "name": "Yampa Valley Electric Association"
    },
    "co-yuma-electric-department": {
      "name": "Yuma Electric Department"
    }
  }
}
